IP Address,Login Source,Login Date & Time
2001:4c4c:2025:ed00:f8e9:676e:5278:dc71,Mobile,"Apr 8, 2023, 7:05:02 PM"
2001:4c4c:2025:ed00:f8e9:676e:5278:dc71,Mobile,"Apr 8, 2023, 7:05:02 PM"
2a00:1110:12a:fa:389e:550c:4a6b:b619,Web,"Jun 4, 2024, 6:21:41 PM"
2a00:1110:12a:fa:389e:550c:4a6b:b619,Web,"Jun 4, 2024, 6:22:37 PM"
2a00:1110:23a:8ba1:e908:b69d:1d61:6ada,Web,"Nov 18, 2024, 7:48:43 AM"
45.155.40.187,Web,"Jan 2, 2025, 12:09:58 PM"
45.155.40.191,Mobile,"Jan 2, 2025, 2:53:40 PM"
178.132.111.47,Web,"Jan 9, 2025, 1:05:20 PM"
178.132.111.40,Web,"Jan 10, 2025, 6:10:10 PM"
91.82.217.130,Web,"Jan 28, 2025, 11:20:09 AM"
2001:4c4d:1e0d:d00:4ce8:f0ee:74b4:fd4a,Web,"Jan 28, 2025, 8:29:16 PM"
2001:4c4d:1e0d:d00:4ce8:f0ee:74b4:fd4a,Web,"Jan 28, 2025, 9:21:45 PM"
91.82.217.130,Web,"Jan 29, 2025, 9:31:45 AM"
31.46.255.141,Web,"Jan 29, 2025, 7:00:35 PM"
31.46.255.141,Web,"Jan 29, 2025, 8:09:01 PM"
31.46.255.141,Web,"Jan 29, 2025, 8:14:34 PM"
2001:4c4d:1e0d:d00:8c8b:857b:b528:2e67,Web,"Jan 29, 2025, 11:04:41 PM"
2001:4c4d:1e0d:d00:8c8b:857b:b528:2e67,Web,"Jan 30, 2025, 6:57:19 AM"
2001:4c4d:1e0d:d00:8c8b:857b:b528:2e67,Web,"Jan 30, 2025, 7:31:20 AM"
91.82.217.130,Web,"Jan 30, 2025, 9:05:32 AM"
193.176.126.65,Web,"Jan 30, 2025, 7:25:15 PM"
193.176.126.56,Web,"Jan 30, 2025, 8:22:30 PM"
193.176.126.63,Web,"Jan 31, 2025, 1:14:03 AM"
193.176.126.53,Web,"Jan 31, 2025, 7:09:46 AM"
91.82.217.130,Web,"Jan 31, 2025, 10:36:42 AM"
91.82.217.130,Web,"Jan 31, 2025, 5:30:26 PM"
2001:4c4d:1e0d:d00:e07b:3cef:f1c9:d9a5,Web,"Jan 31, 2025, 7:42:49 PM"
2001:4c4d:1e0d:d00:e07b:3cef:f1c9:d9a5,Web,"Jan 31, 2025, 7:55:21 PM"
2001:4c4d:1e0d:d00:e07b:3cef:f1c9:d9a5,Web,"Jan 31, 2025, 9:40:40 PM"
2001:4c4d:1e0d:d00:e07b:3cef:f1c9:d9a5,Web,"Jan 31, 2025, 9:48:25 PM"
45.155.40.10,Web,"Jan 31, 2025, 10:17:26 PM"
2001:4c4d:1e0d:d00:e07b:3cef:f1c9:d9a5,Web,"Feb 1, 2025, 8:33:49 AM"
45.155.40.64,Web,"Feb 1, 2025, 9:55:26 AM"
31.46.252.59,Web,"Feb 1, 2025, 2:58:42 PM"
2a02:ab88:3400:cf00:8dac:c25:134e:16a6,Mobile,"Feb 1, 2025, 8:53:37 PM"
91.82.217.130,Web,"Feb 4, 2025, 11:04:27 AM"
31.46.249.194,Web,"Feb 5, 2025, 6:56:02 AM"
37.76.4.230,Web,"Feb 16, 2025, 10:06:54 AM"
2a00:1110:210:9579:0:3:a0f9:8d01,Web,"Mar 15, 2025, 9:59:37 AM"
37.76.45.121,Web,"Jun 21, 2025, 6:57:43 AM"
45.155.40.144,Web,"Sep 21, 2025, 5:41:17 PM"
