Media Filename,Media Caption
media/a19f410d-d1c4-4f1e-9060-19b6c661b5c0.jpg,""
media/f86559e6-96ce-47af-8ac4-6539af38340d.jpg,""
media/f219939e-0832-457c-bfc4-6915903ed9d3.jpg,""
media/ae502d22-3e82-433a-b003-2cee71e4a1cb.jpg,""
media/8374e7ac-27ca-45cb-ab92-3658b7572088.jpg,""
media/73870f8a-1a13-4980-83b2-16b5758eaf95.jpg,""
media/461ae2d6-85a8-452a-849f-9aaffa1bc400.jpg,""
media/1b435584-9ad7-4ea3-981e-a9c3c29c3e2e.jpg,""
media/f14a5fe2-206e-4d37-b344-da4e72d6386c.jpg,""
media/4ed25e39-4506-46f6-a7ba-808caf7f80d6.jpg,""
media/4a2e0532-674f-4d37-9402-772b646c9cd7.jpg,""
media/511e20ab-3808-4150-a51e-686ff52e51ed.jpg,""
media/deb8198b-278c-4c02-9e59-b81c8a61ae25.jpg,""
media/bd8b4591-5bc9-49a1-af4f-029350f9010a.jpg,""
media/ce8f4b82-cc81-4eb2-abb1-b5c6c83c0ad6.jpg,""
media/253a712a-7fde-4734-a83b-0c737204b369.jpg,""
media/53693661-6588-438d-bd51-8a4252b2cc46.jpg,""
media/a11ce63f-9ef2-45db-941e-9c6edd476aed.jpg,""
media/aefc4d30-dfc2-4265-a8bb-d7982665ad1c.jpg,""
media/24c1dd46-3e90-4318-afb5-21333892df5a.jpg,""
media/c038081e-de0c-4356-855f-bb8061ebe122.jpg,""
media/8710dd77-ff91-45f2-8fdc-b29c91ef9144.jpg,""
media/6b20b993-58de-49d7-b5a9-c754f6eed704.jpg,""
media/a7cdb54e-3b64-4b17-a141-5e53452bbf17.jpg,""
media/73bfd6b3-e43b-49f7-91f8-643274ecdd4d.jpg,""
media/a47ff6d1-083a-4cd8-a3af-fdac23c40b29.jpg,""
media/0e8b1400-25b1-43b2-815f-b094fe0bd2e6.jpg,""
media/be399bf3-0443-4316-a572-9b2961dd3e91.jpg,""
media/a4d57625-eef8-46d4-9229-f94972524ca6.jpg,""
media/e704eb27-5f1e-4bf4-9db0-f7a97262c4f7.jpg,""
media/0fb839f4-a802-4b7c-8d82-6dd694abd60c.jpg,""
media/2c80d16c-2fd3-4781-baa3-3a1cecaa0b9d.jpg,""
media/ab736297-11e1-414a-b9ba-d4e1592fdcc1.jpg,""
media/6a531004-374a-4a51-a33b-70b9ec457957.jpg,""
media/d90d70e5-2ed4-4486-9ee3-8f52a855c4cf.jpg,""
