Reaction Date,Reaction Type,Parent Type,Parent ID
"Dec 10, 2023, 11:14:22 AM",Kudos,Activity,10353499642
"Dec 10, 2023, 11:14:36 AM",Kudos,Activity,10352766526
"Jan 28, 2024, 7:38:51 PM",Kudos,Activity,10641247416
"Jun 4, 2024, 7:13:13 PM",Kudos,Activity,11573642234
"Jun 4, 2024, 7:13:16 PM",Kudos,Activity,11573511677
"Jun 4, 2024, 7:13:21 PM",Kudos,Activity,11558375799
"Jun 4, 2024, 7:13:26 PM",Kudos,Activity,11503734711
"Jun 4, 2024, 7:13:32 PM",Kudos,Activity,11572638021
"Jun 5, 2024, 7:48:43 AM",Kudos,Activity,11574335904
"Jun 6, 2024, 6:11:37 PM",Kudos,Activity,11589919646
"Jun 6, 2024, 6:11:40 PM",Kudos,Activity,11586058160
"Jun 7, 2024, 5:56:36 AM",Kudos,Activity,11593202895
"Jun 7, 2024, 7:59:03 PM",Kudos,Activity,11593580444
"Jun 7, 2024, 7:59:08 PM",Kudos,Activity,11596489584
"Jun 8, 2024, 9:57:58 AM",Kudos,Activity,11601268172
"Jun 8, 2024, 9:58:13 AM",Kudos,Activity,11601116434
"Jun 8, 2024, 1:01:10 PM",Kudos,Activity,11601743228
"Jun 8, 2024, 1:01:23 PM",Kudos,Activity,11602523325
"Jun 8, 2024, 1:01:33 PM",Kudos,Activity,11602523031
"Jun 8, 2024, 1:01:36 PM",Kudos,Activity,11602523148
"Jun 9, 2024, 12:24:35 PM",Kudos,Activity,11611133166
"Jun 9, 2024, 12:24:57 PM",Kudos,Activity,11611229687
"Jun 9, 2024, 12:25:00 PM",Kudos,Activity,11610378211
"Jun 9, 2024, 12:25:06 PM",Kudos,Activity,11609147915
"Jun 11, 2024, 4:24:16 PM",Kudos,Activity,11627580573
"Jun 11, 2024, 7:47:57 PM",Kudos,Activity,11629159510
"Jun 13, 2024, 5:32:59 AM",Kudos,Activity,11637176607
"Jun 13, 2024, 6:15:44 PM",Kudos,Activity,11640780185
"Jun 14, 2024, 9:26:30 AM",Kudos,Activity,11648107783
"Jun 16, 2024, 3:51:14 AM",Kudos,Activity,11658953286
"Jun 16, 2024, 3:51:16 AM",Kudos,Activity,11655982087
"Jun 16, 2024, 3:51:19 AM",Kudos,Activity,11652121409
"Jun 17, 2024, 5:26:50 PM",Kudos,Activity,11674124873
"Jun 18, 2024, 7:47:14 AM",Kudos,Activity,11675733401
"Jun 18, 2024, 4:28:55 PM",Kudos,Activity,11680659040
"Jun 18, 2024, 4:28:59 PM",Kudos,Activity,11681990481
"Jun 18, 2024, 8:55:12 PM",Kudos,Activity,11682428842
"Jun 19, 2024, 12:12:53 PM",Kudos,Activity,11687653652
"Jun 19, 2024, 8:38:22 PM",Kudos,Activity,11692001105
"Jun 19, 2024, 8:44:58 PM",Kudos,Activity,11691304118
"Jun 19, 2024, 8:45:02 PM",Kudos,Activity,11690237148
"Jun 21, 2024, 6:53:08 PM",Kudos,Activity,11706018967
"Jun 21, 2024, 6:53:25 PM",Kudos,Activity,11699696332
"Jun 23, 2024, 9:02:11 PM",Kudos,Activity,11721672056
"Jun 24, 2024, 9:53:44 PM",Kudos,Activity,11729731034
"Jun 24, 2024, 9:53:48 PM",Kudos,Activity,11728842247
"Jun 25, 2024, 11:58:43 AM",Kudos,Activity,11734155905
"Jun 25, 2024, 3:25:59 PM",Kudos,Activity,11736380083
"Jun 27, 2024, 6:16:57 PM",Kudos,Activity,11752051873
"Jun 27, 2024, 6:17:02 PM",Kudos,Activity,11753177878
"Jun 29, 2024, 8:18:47 PM",Kudos,Activity,11769927235
"Jun 29, 2024, 8:19:53 PM",Kudos,Activity,11769572844
"Jun 30, 2024, 8:04:58 PM",Kudos,Activity,11769629336
"Jul 1, 2024, 6:03:05 PM",Kudos,Activity,11778153179
"Jul 3, 2024, 4:19:05 AM",Kudos,Activity,11792457617
"Jul 3, 2024, 8:01:40 PM",Kudos,Activity,11795689209
"Jul 3, 2024, 8:01:42 PM",Kudos,Activity,11795687236
"Jul 4, 2024, 6:16:00 PM",Kudos,Activity,11805617341
"Jul 5, 2024, 11:25:55 AM",Kudos,Activity,11812904149
"Jul 5, 2024, 7:23:07 PM",Kudos,Activity,11816490544
"Jul 5, 2024, 7:23:34 PM",Kudos,Activity,11815160030
"Jul 7, 2024, 8:09:47 PM",Kudos,Activity,11829796939
"Jul 7, 2024, 8:09:48 PM",Kudos,Activity,11833111980
"Jul 7, 2024, 8:09:56 PM",Kudos,Activity,11827317504
"Jul 9, 2024, 7:49:11 PM",Kudos,Activity,11848198623
"Jul 9, 2024, 7:49:21 PM",Kudos,Activity,11847902539
"Jul 14, 2024, 8:26:27 AM",Kudos,Activity,11880341366
"Jul 14, 2024, 7:26:29 PM",Kudos,Activity,11886820915
"Jul 14, 2024, 7:27:06 PM",Kudos,Activity,11886821153
"Jul 14, 2024, 7:27:10 PM",Kudos,Activity,11887270424
"Jul 14, 2024, 7:27:17 PM",Kudos,Activity,11886140414
"Jul 16, 2024, 6:20:48 PM",Kudos,Activity,11900978493
"Jul 16, 2024, 6:21:02 PM",Kudos,Activity,11903657524
"Jul 16, 2024, 6:21:11 PM",Kudos,Activity,11898901385
"Jul 16, 2024, 6:45:26 PM",Kudos,Activity,11904261186
"Jul 16, 2024, 7:21:57 PM",Kudos,Activity,11904690573
"Jul 16, 2024, 9:29:18 PM",Kudos,Activity,11905054578
"Jul 17, 2024, 10:10:19 AM",Kudos,Activity,11908610592
"Jul 19, 2024, 7:40:40 AM",Kudos,Activity,11924818261
"Jul 19, 2024, 7:40:42 AM",Kudos,Activity,11924738619
"Jul 19, 2024, 7:40:57 AM",Kudos,Activity,11921533941
"Jul 19, 2024, 7:41:03 AM",Kudos,Activity,11913290740
"Jul 19, 2024, 7:41:12 AM",Kudos,Activity,11925217137
"Jul 19, 2024, 7:41:15 AM",Kudos,Activity,11925216592
"Jul 20, 2024, 10:40:13 AM",Kudos,Activity,11933138376
"Jul 21, 2024, 7:41:40 AM",Kudos,Activity,11940755658
"Jul 22, 2024, 7:52:27 AM",Kudos,Activity,11949202006
"Jul 22, 2024, 7:52:34 AM",Kudos,Activity,11947267426
"Jul 24, 2024, 9:30:43 AM",Kudos,Activity,11966607721
"Jul 24, 2024, 1:41:09 PM",Kudos,Activity,11968983871
"Jul 25, 2024, 4:56:51 AM",Kudos,Activity,11972502618
"Jul 26, 2024, 5:18:52 AM",Kudos,Activity,11979956043
"Jul 26, 2024, 8:23:14 AM",Kudos,Activity,11983697346
"Jul 26, 2024, 8:23:33 AM",Kudos,Activity,11983427236
"Jul 27, 2024, 12:54:35 PM",Kudos,Activity,11991503428
"Jul 27, 2024, 6:09:35 PM",Kudos,Activity,11995852044
"Jul 27, 2024, 6:09:47 PM",Kudos,Activity,11992095816
"Jul 27, 2024, 6:10:15 PM",Kudos,Activity,11990618643
"Jul 28, 2024, 9:18:41 AM",Kudos,Activity,11999736874
"Jul 30, 2024, 4:31:35 AM",Kudos,Activity,12011622635
"Jul 30, 2024, 7:07:10 PM",Kudos,Activity,12020278383
"Jul 30, 2024, 7:07:16 PM",Kudos,Activity,12017792983
"Jul 31, 2024, 4:42:28 AM",Kudos,Activity,12021407525
"Jul 31, 2024, 4:42:33 AM",Kudos,Activity,12020949474
"Jul 31, 2024, 4:42:34 AM",Kudos,Activity,12021109178
"Jul 31, 2024, 8:02:49 AM",Kudos,Activity,12024348633
"Aug 1, 2024, 6:27:48 AM",Kudos,Activity,12029549733
"Aug 1, 2024, 6:30:18 PM",Kudos,Activity,12036678775
"Aug 2, 2024, 9:24:45 AM",Kudos,Activity,12040975765
"Aug 3, 2024, 8:27:28 AM",Kudos,Activity,12046274090
"Aug 5, 2024, 4:47:44 AM",Kudos,Activity,12059450269
"Aug 5, 2024, 4:47:57 AM",Kudos,Activity,12060659503
"Aug 6, 2024, 8:45:54 PM",Kudos,Activity,12075538691
"Aug 6, 2024, 8:45:57 PM",Kudos,Activity,12080494406
"Aug 7, 2024, 7:48:19 AM",Kudos,Activity,12083839970
"Aug 7, 2024, 7:50:36 PM",Kudos,Activity,12086807457
"Aug 8, 2024, 7:09:43 PM",Kudos,Activity,12096902937
"Aug 8, 2024, 7:10:35 PM",Kudos,Activity,12097054210
"Aug 13, 2024, 5:36:41 AM",Kudos,Activity,12129192628
"Aug 13, 2024, 5:36:52 AM",Kudos,Activity,12126401691
"Aug 13, 2024, 5:37:11 AM",Kudos,Activity,12113776664
"Aug 13, 2024, 5:38:36 AM",Kudos,Activity,12113776629
"Aug 13, 2024, 5:38:41 AM",Kudos,Activity,12113281695
"Aug 13, 2024, 5:39:19 AM",Kudos,Activity,12113281396
"Aug 13, 2024, 5:39:34 AM",Kudos,Activity,12113281197
"Aug 13, 2024, 9:11:36 PM",Kudos,Activity,12138710643
"Aug 13, 2024, 9:12:10 PM",Kudos,Activity,12140012025
"Aug 13, 2024, 9:12:42 PM",Kudos,Activity,12134622535
"Aug 15, 2024, 7:34:12 PM",Kudos,Activity,12156501067
"Aug 15, 2024, 8:41:42 PM",Kudos,Activity,12155154674
"Aug 15, 2024, 8:41:55 PM",Kudos,Activity,12155574945
"Aug 19, 2024, 8:57:39 AM",Kudos,Activity,12179391261
"Aug 20, 2024, 5:47:28 PM",Kudos,Activity,12193539709
"Aug 20, 2024, 5:47:32 PM",Kudos,Activity,12197309041
"Aug 22, 2024, 6:22:54 PM",Kudos,Activity,12215852994
"Aug 22, 2024, 6:22:58 PM",Kudos,Activity,12215391168
"Aug 22, 2024, 6:23:27 PM",Kudos,Activity,12206665083
"Aug 22, 2024, 7:30:25 PM",Kudos,Activity,12215919317
"Aug 24, 2024, 7:30:10 AM",Kudos,Activity,12220555245
"Aug 24, 2024, 10:13:34 PM",Kudos,Activity,12228672469
"Aug 24, 2024, 10:13:58 PM",Kudos,Activity,12228578981
"Aug 27, 2024, 6:30:19 PM",Kudos,Activity,12252032109
"Aug 27, 2024, 6:30:21 PM",Kudos,Activity,12255571278
"Aug 27, 2024, 6:30:33 PM",Kudos,Activity,12241713115
"Aug 28, 2024, 6:12:37 PM",Kudos,Activity,12261095735
"Aug 29, 2024, 10:49:39 AM",Kudos,Activity,12270048517
"Aug 29, 2024, 10:52:07 AM",Kudos,Activity,12266845472
"Aug 29, 2024, 10:52:09 AM",Kudos,Activity,12267434460
"Aug 29, 2024, 10:52:14 AM",Kudos,Activity,12266442006
"Aug 29, 2024, 6:52:41 PM",Kudos,Activity,12274862077
"Sep 1, 2024, 7:21:51 PM",Kudos,Activity,12298266964
"Sep 3, 2024, 5:13:37 AM",Kudos,Activity,12303360416
"Sep 3, 2024, 5:14:21 AM",Kudos,Activity,12308889633
"Sep 3, 2024, 6:14:18 PM",Kudos,Activity,12315716552
"Sep 3, 2024, 6:14:22 PM",Kudos,Activity,12311887447
"Sep 3, 2024, 7:20:31 PM",Kudos,Activity,12317495384
"Sep 3, 2024, 7:20:34 PM",Kudos,Activity,12317476717
"Sep 4, 2024, 6:12:38 PM",Kudos,Activity,12325142615
"Sep 4, 2024, 6:12:45 PM",Kudos,Activity,12325557508
"Sep 4, 2024, 6:12:50 PM",Kudos,Activity,12326402030
"Sep 5, 2024, 5:24:05 AM",Kudos,Activity,12327527090
"Sep 5, 2024, 6:09:26 PM",Kudos,Activity,12333602840
"Sep 5, 2024, 6:09:34 PM",Kudos,Activity,12334622428
"Sep 6, 2024, 11:02:43 AM",Kudos,Activity,12327327752
"Sep 6, 2024, 11:02:46 AM",Kudos,Activity,12338157008
"Sep 7, 2024, 5:45:23 AM",Kudos,Activity,12343040561
"Sep 7, 2024, 8:39:48 AM",Kudos,Activity,12346093390
"Sep 8, 2024, 8:12:27 AM",Kudos,Activity,12355155805
"Sep 8, 2024, 11:16:11 AM",Kudos,Activity,12355629142
"Sep 11, 2024, 8:53:12 PM",Kudos,Activity,12384063352
"Sep 11, 2024, 8:53:40 PM",Kudos,Activity,12380343468
"Sep 11, 2024, 8:53:57 PM",Kudos,Activity,12377606439
"Sep 11, 2024, 8:54:22 PM",Kudos,Activity,12377727494
"Sep 11, 2024, 8:54:24 PM",Kudos,Activity,12349039891
"Sep 12, 2024, 9:36:34 PM",Kudos,Activity,12393885389
"Sep 12, 2024, 9:36:50 PM",Kudos,Activity,12393733355
"Sep 12, 2024, 9:36:56 PM",Kudos,Activity,12392587806
"Sep 13, 2024, 10:27:40 AM",Kudos,Activity,12398294584
"Sep 13, 2024, 10:27:45 AM",Kudos,Activity,12397322699
"Sep 13, 2024, 10:27:59 AM",Kudos,Activity,12394546514
"Sep 13, 2024, 6:21:02 PM",Kudos,Activity,12400047284
"Sep 14, 2024, 8:57:41 AM",Kudos,Activity,12404860854
"Sep 14, 2024, 6:20:46 PM",Kudos,Activity,12409232661
"Sep 14, 2024, 6:20:52 PM",Kudos,Activity,12405510433
"Sep 14, 2024, 6:21:00 PM",Kudos,Activity,12410134896
"Sep 14, 2024, 6:21:03 PM",Kudos,Activity,12407728456
"Sep 15, 2024, 4:04:07 PM",Kudos,Activity,12415313702
"Sep 17, 2024, 5:54:59 PM",Kudos,Activity,12432610894
"Sep 17, 2024, 9:06:50 PM",Kudos,Activity,12424112785
"Sep 17, 2024, 9:07:06 PM",Kudos,Activity,12429047134
"Sep 17, 2024, 9:08:23 PM",Kudos,Activity,12421644864
"Sep 18, 2024, 8:07:02 AM",Kudos,Activity,12436086322
"Sep 18, 2024, 11:10:05 AM",Kudos,Activity,12438722889
"Sep 18, 2024, 6:34:03 PM",Kudos,Activity,12442542356
"Sep 18, 2024, 6:34:20 PM",Kudos,Activity,12443615864
"Sep 19, 2024, 6:04:59 PM",Kudos,Activity,12449009376
"Sep 19, 2024, 6:05:03 PM",Kudos,Activity,12452567158
"Sep 19, 2024, 6:05:06 PM",Kudos,Activity,12451727478
"Sep 19, 2024, 6:30:59 PM",Kudos,Activity,12452890079
"Sep 20, 2024, 7:23:30 AM",Kudos,Activity,12453130772
"Sep 20, 2024, 6:22:35 PM",Kudos,Activity,12459696425
"Sep 22, 2024, 8:35:09 AM",Kudos,Activity,12464044807
"Sep 22, 2024, 6:34:05 PM",Kudos,Activity,12475233887
"Sep 24, 2024, 9:23:22 PM",Kudos,Activity,12494386764
"Sep 24, 2024, 9:23:28 PM",Kudos,Activity,12494135658
"Sep 24, 2024, 9:23:35 PM",Kudos,Activity,12493727841
"Sep 24, 2024, 9:23:40 PM",Kudos,Activity,12489512237
"Sep 24, 2024, 9:23:42 PM",Kudos,Activity,12489039437
"Sep 26, 2024, 8:05:22 PM",Kudos,Activity,12510622325
"Sep 26, 2024, 8:07:01 PM",Kudos,Activity,12508449736
"Sep 26, 2024, 8:07:03 PM",Kudos,Activity,12507659985
"Sep 26, 2024, 8:07:11 PM",Kudos,Activity,12509737670
"Sep 28, 2024, 3:10:55 PM",Kudos,Activity,12523419177
"Sep 28, 2024, 6:51:53 PM",Kudos,Activity,12526131967
"Sep 28, 2024, 6:51:57 PM",Kudos,Activity,12525725362
"Sep 29, 2024, 1:04:54 PM",Kudos,Activity,12530031268
"Sep 29, 2024, 1:05:01 PM",Kudos,Activity,12530641623
"Sep 29, 2024, 5:45:44 PM",Kudos,Activity,12533762265
"Oct 1, 2024, 10:04:16 AM",Kudos,Activity,12545721258
"Oct 3, 2024, 6:07:53 PM",Kudos,Activity,12566599848
"Oct 4, 2024, 5:28:42 AM",Kudos,Activity,12567053272
"Oct 5, 2024, 4:44:45 PM",Kudos,Activity,12579168531
"Oct 5, 2024, 4:44:48 PM",Kudos,Activity,12578941901
"Oct 5, 2024, 4:45:01 PM",Kudos,Activity,12577477675
"Oct 5, 2024, 4:45:06 PM",Kudos,Activity,12572770033
"Oct 7, 2024, 5:19:27 AM",Kudos,Activity,12589850531
"Oct 8, 2024, 9:50:23 AM",Kudos,Activity,12602709215
"Oct 8, 2024, 11:20:43 AM",Kudos,Activity,12598292044
"Oct 8, 2024, 1:45:50 PM",Kudos,Activity,12595246114
"Oct 8, 2024, 6:12:32 PM",Kudos,Activity,12605743637
"Oct 8, 2024, 6:12:47 PM",Kudos,Activity,12607495153
"Oct 8, 2024, 6:43:09 PM",Kudos,Activity,12608022167
"Oct 8, 2024, 6:43:11 PM",Kudos,Activity,12607805412
"Oct 8, 2024, 6:43:16 PM",Kudos,Activity,12607919917
"Oct 10, 2024, 10:27:11 AM",Kudos,Activity,12619395456
"Oct 10, 2024, 6:08:40 PM",Kudos,Activity,12622996351
"Oct 10, 2024, 6:47:46 PM",Kudos,Activity,12623466464
"Oct 10, 2024, 6:48:59 PM",Kudos,Activity,12621229347
"Oct 11, 2024, 7:09:36 AM",Kudos,Activity,12626752765
"Oct 12, 2024, 12:12:52 PM",Kudos,Activity,12634132868
"Oct 13, 2024, 8:59:31 AM",Kudos,Activity,12639388395
"Oct 13, 2024, 8:59:49 AM",Kudos,Activity,12638505442
"Oct 13, 2024, 11:11:32 AM",Kudos,Activity,12643051533
"Oct 13, 2024, 11:11:49 AM",Kudos,Activity,12644125807
"Oct 13, 2024, 11:29:40 AM",Kudos,Activity,12644559382
"Oct 13, 2024, 11:30:11 AM",Kudos,Activity,12644600164
"Oct 13, 2024, 6:16:03 PM",Kudos,Activity,12646280466
"Oct 15, 2024, 6:53:51 AM",Kudos,Activity,12653354078
"Oct 15, 2024, 4:13:29 PM",Kudos,Activity,12661329277
"Oct 15, 2024, 6:51:40 PM",Kudos,Activity,12663588082
"Oct 15, 2024, 6:53:16 PM",Kudos,Activity,12663512489
"Oct 15, 2024, 6:53:20 PM",Kudos,Activity,12663604693
"Oct 15, 2024, 6:53:42 PM",Kudos,Activity,12663359955
"Oct 15, 2024, 6:53:44 PM",Kudos,Activity,12663516998
"Oct 17, 2024, 11:24:13 AM",Kudos,Activity,12675209969
"Oct 17, 2024, 7:07:34 PM",Kudos,Activity,12679204559
"Oct 18, 2024, 4:43:09 PM",Kudos,Activity,12682591959
"Oct 18, 2024, 7:09:57 PM",Kudos,Activity,12686346413
"Oct 18, 2024, 7:10:00 PM",Kudos,Activity,12686283884
"Oct 20, 2024, 11:27:41 AM",Kudos,Activity,12691746725
"Oct 20, 2024, 11:28:13 AM",Kudos,Activity,12690025374
"Oct 20, 2024, 11:28:17 AM",Kudos,Activity,12691492715
"Oct 20, 2024, 11:28:19 AM",Kudos,Activity,12692332344
"Oct 22, 2024, 10:56:32 AM",Kudos,Activity,12711537528
"Oct 22, 2024, 10:56:37 AM",Kudos,Activity,12714334429
"Oct 22, 2024, 6:20:25 PM",Kudos,Activity,12717769802
"Oct 22, 2024, 7:38:28 PM",Kudos,Activity,12718340446
"Oct 22, 2024, 7:38:39 PM",Kudos,Activity,12719345475
"Oct 23, 2024, 7:33:23 AM",Kudos,Activity,12722724528
"Oct 23, 2024, 6:04:37 PM",Kudos,Activity,12727351021
"Oct 27, 2024, 1:59:44 PM",Kudos,Activity,12746410105
"Oct 27, 2024, 1:59:47 PM",Kudos,Activity,12746058467
"Oct 27, 2024, 1:59:50 PM",Kudos,Activity,12745869360
"Oct 27, 2024, 1:59:57 PM",Kudos,Activity,12750054737
"Oct 27, 2024, 2:00:04 PM",Kudos,Activity,12746507996
"Oct 29, 2024, 7:06:02 PM",Kudos,Activity,12774233147
"Oct 29, 2024, 8:05:19 PM",Kudos,Activity,12775720932
"Nov 1, 2024, 3:17:33 PM",Kudos,Activity,12797551205
"Nov 1, 2024, 3:17:36 PM",Kudos,Activity,12797542272
"Nov 1, 2024, 3:56:45 PM",Kudos,Activity,12786856483
"Nov 1, 2024, 3:56:51 PM",Kudos,Activity,12783836870
"Nov 1, 2024, 3:56:54 PM",Kudos,Activity,12783917766
"Nov 1, 2024, 3:57:14 PM",Kudos,Activity,12795270526
"Nov 1, 2024, 3:57:18 PM",Kudos,Activity,12789180411
"Nov 1, 2024, 3:57:20 PM",Kudos,Activity,12786883820
"Nov 1, 2024, 8:38:21 PM",Kudos,Activity,12798982387
"Nov 3, 2024, 5:30:28 PM",Kudos,Activity,12812361064
"Nov 3, 2024, 5:30:37 PM",Kudos,Activity,12804622717
"Nov 3, 2024, 6:02:59 PM",Kudos,Activity,12810046844
"Nov 5, 2024, 8:50:33 PM",Kudos,Activity,12830475011
"Nov 5, 2024, 8:51:32 PM",Kudos,Activity,12830648264
"Nov 6, 2024, 7:01:07 PM",Kudos,Activity,12837561493
"Nov 6, 2024, 7:01:15 PM",Kudos,Activity,12834848887
"Nov 6, 2024, 7:01:31 PM",Kudos,Activity,12831193500
"Nov 7, 2024, 7:42:13 PM",Kudos,Activity,12845066740
"Nov 7, 2024, 7:42:25 PM",Kudos,Activity,12846859382
"Nov 7, 2024, 7:42:42 PM",Kudos,Activity,12846824462
"Nov 7, 2024, 7:42:45 PM",Kudos,Activity,12846918614
"Nov 7, 2024, 7:42:56 PM",Kudos,Activity,12846956183
"Nov 10, 2024, 10:06:09 AM",Kudos,Activity,12861638210
"Nov 10, 2024, 2:03:01 PM",Kudos,Activity,12866073739
"Nov 12, 2024, 10:10:57 AM",Kudos,Activity,12881475339
"Nov 13, 2024, 6:31:53 AM",Kudos,Activity,12885404176
"Nov 13, 2024, 6:32:06 AM",Kudos,Activity,12880785441
"Nov 14, 2024, 7:28:12 PM",Kudos,Activity,12893562046
"Nov 14, 2024, 7:28:23 PM",Kudos,Activity,12897094746
"Nov 15, 2024, 8:50:34 AM",Kudos,Activity,12901225805
"Nov 15, 2024, 8:50:36 AM",Kudos,Activity,12901352752
"Nov 15, 2024, 8:50:42 AM",Kudos,Activity,12892809141
"Nov 15, 2024, 8:50:46 AM",Kudos,Activity,12903932988
"Nov 16, 2024, 9:40:05 AM",Kudos,Activity,12907875210
"Nov 16, 2024, 4:37:37 PM",Kudos,Activity,12913746122
"Nov 17, 2024, 12:03:14 PM",Kudos,Activity,12915959886
"Nov 17, 2024, 12:03:21 PM",Kudos,Activity,12920036892
"Nov 18, 2024, 4:36:00 PM",Kudos,Activity,12929751927
"Nov 18, 2024, 4:36:20 PM",Kudos,Activity,12921405151
"Nov 18, 2024, 4:36:25 PM",Kudos,Activity,12924380520
"Nov 18, 2024, 4:36:30 PM",Kudos,Activity,12923326251
"Nov 21, 2024, 8:17:43 PM",Kudos,Activity,12953437664
"Nov 21, 2024, 8:17:51 PM",Kudos,Activity,12952447616
"Nov 21, 2024, 8:17:55 PM",Kudos,Activity,12944776964
"Nov 21, 2024, 8:18:02 PM",Kudos,Activity,12946017771
"Nov 21, 2024, 8:18:06 PM",Kudos,Activity,12941591729
"Nov 22, 2024, 5:45:11 PM",Kudos,Activity,12959163955
"Nov 22, 2024, 5:45:24 PM",Kudos,Activity,12956581767
"Nov 23, 2024, 3:03:59 PM",Kudos,Activity,12965636072
"Nov 26, 2024, 7:16:15 PM",Kudos,Activity,12985321273
"Nov 26, 2024, 7:16:25 PM",Kudos,Activity,12989575941
"Nov 26, 2024, 7:17:24 PM",Kudos,Activity,12989510202
"Nov 26, 2024, 7:17:36 PM",Kudos,Activity,12989606735
"Nov 27, 2024, 7:30:57 AM",Kudos,Activity,12989683850
"Nov 27, 2024, 6:25:45 PM",Kudos,Activity,12995509984
"Nov 27, 2024, 6:25:51 PM",Kudos,Activity,12995938814
"Nov 28, 2024, 8:07:28 PM",Kudos,Activity,13004207269
"Nov 28, 2024, 8:07:36 PM",Kudos,Activity,12996610860
"Nov 28, 2024, 8:07:48 PM",Kudos,Activity,13003286059
"Nov 30, 2024, 1:50:14 PM",Kudos,Activity,13014529894
"Dec 1, 2024, 12:29:43 PM",Kudos,Activity,13021862952
"Dec 1, 2024, 12:29:46 PM",Kudos,Activity,13016442878
"Dec 1, 2024, 1:47:36 PM",Kudos,Activity,13023094288
"Dec 2, 2024, 8:38:20 PM",Kudos,Activity,13031075110
"Dec 3, 2024, 7:23:10 PM",Kudos,Activity,13039887346
"Dec 3, 2024, 7:23:17 PM",Kudos,Activity,13039762457
"Dec 3, 2024, 7:23:22 PM",Kudos,Activity,13039819172
"Dec 3, 2024, 7:23:24 PM",Kudos,Activity,13039754396
"Dec 3, 2024, 7:23:34 PM",Kudos,Activity,13037446988
"Dec 3, 2024, 7:23:38 PM",Kudos,Activity,13038217806
"Dec 4, 2024, 9:09:35 PM",Kudos,Activity,13040004409
"Dec 4, 2024, 9:10:00 PM",Kudos,Activity,13047012056
"Dec 5, 2024, 6:48:11 PM",Kudos,Activity,13053272456
"Dec 5, 2024, 6:48:15 PM",Kudos,Activity,13053459390
"Dec 6, 2024, 8:16:22 PM",Kudos,Activity,13060669147
"Dec 6, 2024, 8:17:46 PM",Kudos,Activity,13058084274
"Dec 7, 2024, 12:41:42 PM",Kudos,Activity,13064060291
"Dec 7, 2024, 1:00:23 PM",Kudos,Activity,13065047874
"Dec 7, 2024, 6:23:57 PM",Kudos,Activity,13066218216
"Dec 8, 2024, 2:42:21 PM",Kudos,Activity,13071217905
"Dec 8, 2024, 2:42:28 PM",Kudos,Activity,13070253521
"Dec 8, 2024, 2:42:31 PM",Kudos,Activity,13070001767
"Dec 8, 2024, 2:42:34 PM",Kudos,Activity,13070880411
"Dec 10, 2024, 6:38:23 PM",Kudos,Activity,13087568616
"Dec 10, 2024, 6:38:26 PM",Kudos,Activity,13087683771
"Dec 10, 2024, 6:38:27 PM",Kudos,Activity,13087543432
"Dec 10, 2024, 6:38:29 PM",Kudos,Activity,13087636969
"Dec 10, 2024, 6:38:45 PM",Kudos,Activity,13087589223
"Dec 10, 2024, 7:03:25 PM",Kudos,Activity,13087845575
"Dec 10, 2024, 7:03:29 PM",Kudos,Activity,13087722552
"Dec 11, 2024, 4:55:13 PM",Kudos,Activity,13092852030
"Dec 12, 2024, 7:37:53 PM",Kudos,Activity,13101240979
"Dec 12, 2024, 7:38:05 PM",Kudos,Activity,13100598952
"Dec 12, 2024, 9:52:40 PM",Kudos,Activity,13102186487
"Dec 13, 2024, 5:45:26 PM",Kudos,Activity,13107719090
"Dec 13, 2024, 5:45:27 PM",Kudos,Activity,13106873014
"Dec 14, 2024, 2:04:33 PM",Kudos,Activity,13112704735
"Dec 15, 2024, 1:42:44 PM",Kudos,Activity,13119571237
"Dec 15, 2024, 7:57:21 PM",Kudos,Activity,13122850534
"Dec 16, 2024, 9:01:04 PM",Kudos,Activity,13128037177
"Dec 16, 2024, 9:01:09 PM",Kudos,Activity,13129799040
"Dec 16, 2024, 9:01:13 PM",Kudos,Activity,13129210089
"Dec 16, 2024, 9:01:20 PM",Kudos,Activity,13127852126
"Dec 16, 2024, 9:01:32 PM",Kudos,Activity,13127444884
"Dec 17, 2024, 9:37:59 AM",Kudos,Activity,13132472880
"Dec 17, 2024, 7:20:24 PM",Kudos,Activity,13136923989
"Dec 17, 2024, 7:20:32 PM",Kudos,Activity,13136811989
"Dec 17, 2024, 7:20:35 PM",Kudos,Activity,13136815407
"Dec 17, 2024, 7:20:40 PM",Kudos,Activity,13136887019
"Dec 17, 2024, 7:20:56 PM",Kudos,Activity,13135747364
"Dec 17, 2024, 7:21:03 PM",Kudos,Activity,13135246433
"Dec 18, 2024, 7:44:46 PM",Kudos,Activity,13143654150
"Dec 19, 2024, 6:12:16 PM",Kudos,Activity,13148711819
"Dec 19, 2024, 6:12:24 PM",Kudos,Activity,13149205245
"Dec 19, 2024, 6:12:26 PM",Kudos,Activity,13149173069
"Dec 19, 2024, 6:12:31 PM",Kudos,Activity,13149968800
"Dec 19, 2024, 6:12:33 PM",Kudos,Activity,13150118985
"Dec 19, 2024, 6:13:44 PM",Kudos,Activity,13149829097
"Dec 19, 2024, 8:03:12 PM",Kudos,Activity,13150693971
"Dec 19, 2024, 8:03:14 PM",Kudos,Activity,13150636128
"Dec 20, 2024, 11:59:35 AM",Kudos,Activity,13154399166
"Dec 20, 2024, 3:55:22 PM",Kudos,Activity,13155409473
"Dec 21, 2024, 11:08:03 AM",Kudos,Activity,13159602626
"Dec 21, 2024, 11:08:04 AM",Kudos,Activity,13159470945
"Dec 21, 2024, 11:08:08 AM",Kudos,Activity,13156202469
"Dec 21, 2024, 11:08:10 AM",Kudos,Activity,13156117910
"Dec 21, 2024, 11:08:11 AM",Kudos,Activity,13155601132
"Dec 21, 2024, 7:52:51 PM",Kudos,Activity,13162365513
"Dec 21, 2024, 7:52:57 PM",Kudos,Activity,13161779847
"Dec 22, 2024, 12:26:38 PM",Kudos,Activity,13167352482
"Dec 22, 2024, 12:26:41 PM",Kudos,Activity,13167404467
"Dec 22, 2024, 12:26:44 PM",Kudos,Activity,13167498044
"Dec 23, 2024, 11:44:41 AM",Kudos,Activity,13173413748
"Dec 23, 2024, 11:44:43 AM",Kudos,Activity,13173227128
"Dec 23, 2024, 11:44:43 AM",Kudos,Activity,13173304703
"Dec 23, 2024, 11:44:46 AM",Kudos,Activity,13173214805
"Dec 23, 2024, 2:48:08 PM",Kudos,Activity,13174162595
"Dec 23, 2024, 2:48:21 PM",Kudos,Activity,13174527698
"Dec 23, 2024, 4:27:01 PM",Kudos,Activity,13175340868
"Dec 24, 2024, 11:07:16 AM",Kudos,Activity,13179852305
"Dec 24, 2024, 11:07:39 AM",Kudos,Activity,13180167586
"Dec 24, 2024, 11:07:43 AM",Kudos,Activity,13179669390
"Dec 24, 2024, 11:07:45 AM",Kudos,Activity,13179733516
"Dec 24, 2024, 1:14:11 PM",Kudos,Activity,13181177635
"Dec 24, 2024, 1:14:14 PM",Kudos,Activity,13180402193
"Dec 25, 2024, 4:10:53 PM",Kudos,Activity,13187329079
"Dec 25, 2024, 4:11:08 PM",Kudos,Activity,13187744010
"Dec 26, 2024, 11:00:35 AM",Kudos,Activity,13191782712
"Dec 26, 2024, 11:00:40 AM",Kudos,Activity,13191550336
"Dec 26, 2024, 11:01:04 AM",Kudos,Activity,13188441042
"Dec 26, 2024, 11:12:12 AM",Kudos,Activity,13192215140
"Dec 26, 2024, 4:19:53 PM",Kudos,Activity,13194515057
"Dec 27, 2024, 11:51:34 AM",Kudos,Activity,13199415281
"Dec 27, 2024, 11:51:37 AM",Kudos,Activity,13198411874
"Dec 27, 2024, 11:51:41 AM",Kudos,Activity,13196029828
"Dec 27, 2024, 12:44:43 PM",Kudos,Activity,13200054741
"Dec 27, 2024, 1:48:18 PM",Kudos,Activity,13200626821
"Dec 27, 2024, 3:36:45 PM",Kudos,Activity,13201217401
"Dec 28, 2024, 10:01:35 AM",Kudos,Activity,13205881021
"Dec 28, 2024, 10:01:48 AM",Kudos,Activity,13206042018
"Dec 29, 2024, 9:06:19 AM",Kudos,Activity,13213303051
"Dec 30, 2024, 8:05:25 AM",Kudos,Activity,13221018304
"Dec 30, 2024, 8:05:34 AM",Kudos,Activity,13218614478
"Dec 30, 2024, 3:59:57 PM",Kudos,Activity,13223559949
"Dec 30, 2024, 4:00:02 PM",Kudos,Activity,13223744973
"Dec 30, 2024, 7:47:16 PM",Kudos,Activity,13224656494
"Dec 31, 2024, 9:51:34 AM",Kudos,Activity,13229076689
"Dec 31, 2024, 10:05:50 AM",Kudos,Activity,13228919668
"Dec 31, 2024, 10:14:02 AM",Kudos,Activity,13229268842
"Dec 31, 2024, 10:14:34 AM",Kudos,Activity,13229269968
"Dec 31, 2024, 10:14:41 AM",Kudos,Activity,13229269648
"Dec 31, 2024, 10:27:11 AM",Kudos,Activity,13229269363
"Dec 31, 2024, 11:27:50 AM",Kudos,Activity,13229672892
"Dec 31, 2024, 11:27:52 AM",Kudos,Activity,13229516675
"Dec 31, 2024, 12:43:52 PM",Kudos,Activity,13230396122
"Dec 31, 2024, 4:51:02 PM",Kudos,Activity,13232415641
"Dec 31, 2024, 4:51:05 PM",Kudos,Activity,13230682347
"Jan 1, 2025, 2:37:52 AM",Kudos,Activity,13235138150
"Jan 1, 2025, 10:10:24 AM",Kudos,Activity,13236268155
"Jan 1, 2025, 3:07:37 PM",Kudos,Activity,13238445537
"Jan 1, 2025, 3:07:50 PM",Kudos,Activity,13238658438
"Jan 1, 2025, 3:07:53 PM",Kudos,Activity,13237164969
"Jan 1, 2025, 5:17:46 PM",Kudos,Activity,13239936859
"Jan 2, 2025, 8:51:42 AM",Kudos,Activity,13243857291
"Jan 2, 2025, 3:26:46 PM",Kudos,Activity,13246111173
"Jan 2, 2025, 3:26:55 PM",Kudos,Activity,13246108531
"Jan 2, 2025, 4:01:41 PM",Kudos,Activity,13247342399
"Jan 2, 2025, 8:44:10 PM",Kudos,Activity,13249558032
"Jan 2, 2025, 8:44:11 PM",Kudos,Activity,13249035609
"Jan 2, 2025, 8:44:27 PM",Kudos,Activity,13249234609
"Jan 3, 2025, 1:18:00 PM",Kudos,Activity,13254287288
"Jan 3, 2025, 1:48:17 PM",Kudos,Activity,13254564066
"Jan 3, 2025, 3:03:10 PM",Kudos,Activity,13254716065
"Jan 5, 2025, 4:01:31 PM",Kudos,Activity,13273321020
"Jan 5, 2025, 4:01:38 PM",Kudos,Activity,13271909751
"Jan 5, 2025, 9:06:10 PM",Kudos,Activity,13274663381
"Jan 6, 2025, 6:17:27 PM",Kudos,Activity,13282708226
"Jan 6, 2025, 6:17:31 PM",Kudos,Activity,13282934350
"Jan 7, 2025, 3:22:08 PM",Kudos,Activity,13289505268
"Jan 7, 2025, 5:33:26 PM",Kudos,Activity,13291794987
"Jan 7, 2025, 5:46:50 PM",Kudos,Activity,13291815874
"Jan 7, 2025, 6:35:51 PM",Kudos,Activity,13291843990
"Jan 7, 2025, 6:35:51 PM",Kudos,Activity,13291989072
"Jan 8, 2025, 6:22:51 AM",Kudos,Activity,13293004866
"Jan 8, 2025, 6:22:53 AM",Kudos,Activity,13292818628
"Jan 8, 2025, 6:23:03 AM",Kudos,Activity,13292658100
"Jan 8, 2025, 8:17:32 PM",Kudos,Activity,13300689846
"Jan 8, 2025, 8:17:33 PM",Kudos,Activity,13300652384
"Jan 9, 2025, 5:06:19 PM",Kudos,Activity,13308381087
"Jan 9, 2025, 7:41:55 PM",Kudos,Activity,13310402280
"Jan 9, 2025, 7:42:04 PM",Kudos,Activity,13309503943
"Jan 9, 2025, 7:42:39 PM",Kudos,Activity,13309605383
"Jan 9, 2025, 7:42:46 PM",Kudos,Activity,13310114679
"Jan 10, 2025, 4:07:20 PM",Kudos,Activity,13315320329
"Jan 10, 2025, 4:07:21 PM",Kudos,Activity,13317078523
"Jan 10, 2025, 6:50:46 PM",Kudos,Activity,13317758791
"Jan 10, 2025, 8:22:23 PM",Kudos,Activity,13318716208
"Jan 11, 2025, 1:10:46 PM",Kudos,Activity,13324584550
"Jan 11, 2025, 1:10:47 PM",Kudos,Activity,13324173870
"Jan 11, 2025, 1:10:49 PM",Kudos,Activity,13324245062
"Jan 11, 2025, 1:10:51 PM",Kudos,Activity,13324246568
"Jan 11, 2025, 1:11:12 PM",Kudos,Activity,13324005814
"Jan 11, 2025, 2:30:42 PM",Kudos,Activity,13325262012
"Jan 12, 2025, 10:11:20 AM",Kudos,Activity,13331596988
"Jan 12, 2025, 11:26:12 AM",Kudos,Activity,13332512175
"Jan 12, 2025, 11:47:39 AM",Kudos,Activity,13332891210
"Jan 12, 2025, 1:29:02 PM",Kudos,Activity,13332591879
"Jan 13, 2025, 6:10:46 AM",Kudos,Activity,13336940637
"Jan 13, 2025, 8:48:17 PM",Kudos,Activity,13344828167
"Jan 13, 2025, 8:48:22 PM",Kudos,Activity,13344474011
"Jan 13, 2025, 8:48:28 PM",Kudos,Activity,13343065496
"Jan 13, 2025, 8:48:40 PM",Kudos,Activity,13337532169
"Jan 14, 2025, 5:36:11 AM",Kudos,Activity,13347272879
"Jan 14, 2025, 11:16:33 AM",Kudos,Activity,13345228784
"Jan 14, 2025, 7:28:13 PM",Kudos,Activity,13354745369
"Jan 14, 2025, 7:28:24 PM",Kudos,Activity,13353215828
"Jan 14, 2025, 7:28:29 PM",Kudos,Activity,13355123082
"Jan 14, 2025, 7:28:33 PM",Kudos,Activity,13354139000
"Jan 14, 2025, 8:26:25 PM",Kudos,Activity,13355354153
"Jan 14, 2025, 9:19:10 PM",Kudos,Activity,13354198805
"Jan 15, 2025, 4:49:05 PM",Kudos,Activity,13362587209
"Jan 16, 2025, 7:14:52 AM",Kudos,Activity,13365592301
"Jan 16, 2025, 7:14:55 AM",Kudos,Activity,13365426612
"Jan 16, 2025, 8:24:21 PM",Kudos,Activity,13372445980
"Jan 16, 2025, 8:24:23 PM",Kudos,Activity,13372523477
"Jan 16, 2025, 8:24:29 PM",Kudos,Activity,13373086306
"Jan 17, 2025, 8:14:00 PM",Kudos,Activity,13379739355
"Jan 17, 2025, 9:46:10 PM",Kudos,Activity,13380478141
"Jan 17, 2025, 9:46:17 PM",Kudos,Activity,13378473738
"Jan 18, 2025, 4:44:19 AM",Kudos,Activity,13381504355
"Jan 18, 2025, 4:10:00 PM",Kudos,Activity,13388230381
"Jan 18, 2025, 4:10:18 PM",Kudos,Activity,13388611638
"Jan 18, 2025, 7:14:05 PM",Kudos,Activity,13389527902
"Jan 19, 2025, 5:32:51 AM",Kudos,Activity,13390551569
"Jan 19, 2025, 9:27:27 AM",Kudos,Activity,13393620420
"Jan 19, 2025, 11:33:06 AM",Kudos,Activity,13395170203
"Jan 19, 2025, 5:05:12 PM",Kudos,Activity,13397054946
"Jan 20, 2025, 8:35:54 AM",Kudos,Activity,13402964310
"Jan 20, 2025, 8:35:58 AM",Kudos,Activity,13401013229
"Jan 20, 2025, 7:55:40 PM",Kudos,Activity,13407531976
"Jan 20, 2025, 7:55:45 PM",Kudos,Activity,13406665286
"Jan 20, 2025, 7:55:53 PM",Kudos,Activity,13406882782
"Jan 20, 2025, 7:56:03 PM",Kudos,Activity,13406723605
"Jan 20, 2025, 8:08:14 PM",Kudos,Activity,13403507146
"Jan 21, 2025, 6:21:39 AM",Kudos,Activity,13408542878
"Jan 21, 2025, 7:14:10 AM",Kudos,Activity,13408174771
"Jan 21, 2025, 6:08:09 PM",Kudos,Activity,13415464137
"Jan 21, 2025, 6:08:11 PM",Kudos,Activity,13415584036
"Jan 21, 2025, 6:28:16 PM",Kudos,Activity,13416131562
"Jan 21, 2025, 6:41:22 PM",Kudos,Activity,13416237025
"Jan 21, 2025, 7:20:32 PM",Kudos,Activity,13415849923
"Jan 21, 2025, 9:11:38 PM",Kudos,Activity,13416982905
"Jan 21, 2025, 9:11:43 PM",Kudos,Activity,13416873182
"Jan 23, 2025, 10:29:06 AM",Kudos,Activity,13424427117
"Jan 23, 2025, 10:29:08 AM",Kudos,Activity,13424651526
"Jan 23, 2025, 3:55:42 PM",Kudos,Activity,13432220915
"Jan 23, 2025, 8:48:56 PM",Kudos,Activity,13434229309
"Jan 23, 2025, 8:48:57 PM",Kudos,Activity,13434046995
"Jan 24, 2025, 6:07:34 AM",Kudos,Activity,13433083784
"Jan 24, 2025, 6:07:35 AM",Kudos,Activity,13433966800
"Jan 24, 2025, 11:43:22 AM",Kudos,Activity,13438874224
"Jan 24, 2025, 11:45:20 AM",Kudos,Activity,13438644471
"Jan 24, 2025, 7:01:35 PM",Kudos,Activity,13441314841
"Jan 24, 2025, 7:01:44 PM",Kudos,Activity,13440466819
"Jan 25, 2025, 2:27:15 PM",Kudos,Activity,13447359783
"Jan 25, 2025, 2:27:19 PM",Kudos,Activity,13447223674
"Jan 25, 2025, 2:27:30 PM",Kudos,Activity,13446392224
"Jan 25, 2025, 2:27:31 PM",Kudos,Activity,13447057371
"Jan 25, 2025, 3:39:07 PM",Kudos,Activity,13448721942
"Jan 25, 2025, 5:04:48 PM",Kudos,Activity,13450021389
"Jan 26, 2025, 3:41:31 PM",Kudos,Activity,13457039059
"Jan 26, 2025, 8:45:48 PM",Kudos,Activity,13457007038
"Jan 26, 2025, 8:46:32 PM",Kudos,Activity,13456054889
"Jan 27, 2025, 11:57:35 AM",Kudos,Activity,13461266823
"Jan 27, 2025, 11:57:56 AM",Kudos,Activity,13458382256
"Jan 27, 2025, 7:36:55 PM",Kudos,Activity,13467239902
"Jan 27, 2025, 7:36:56 PM",Kudos,Activity,13467154091
"Jan 27, 2025, 7:37:13 PM",Kudos,Activity,13467936645
"Jan 27, 2025, 7:37:20 PM",Kudos,Activity,13466894640
"Jan 27, 2025, 7:37:22 PM",Kudos,Activity,13466527204
"Jan 27, 2025, 7:37:24 PM",Kudos,Activity,13466822178
"Jan 28, 2025, 8:37:54 PM",Kudos,Activity,13475983657
"Jan 28, 2025, 8:38:12 PM",Kudos,Activity,13476487636
"Jan 28, 2025, 8:38:14 PM",Kudos,Activity,13474921481
"Jan 28, 2025, 8:38:17 PM",Kudos,Activity,13477148421
"Jan 28, 2025, 8:38:19 PM",Kudos,Activity,13477309677
"Jan 28, 2025, 8:38:20 PM",Kudos,Activity,13477217646
"Jan 28, 2025, 8:38:22 PM",Kudos,Activity,13476884097
"Jan 28, 2025, 8:38:25 PM",Kudos,Activity,13477218430
"Jan 28, 2025, 8:38:29 PM",Kudos,Activity,13475835928
"Jan 28, 2025, 8:38:34 PM",Kudos,Activity,13477005563
"Jan 29, 2025, 2:42:55 PM",Kudos,Activity,13481397844
"Jan 29, 2025, 7:00:56 PM",Kudos,Activity,13485672604
"Jan 29, 2025, 7:00:57 PM",Kudos,Activity,13485696044
"Jan 29, 2025, 7:00:59 PM",Kudos,Activity,13485473877
"Jan 29, 2025, 7:01:29 PM",Kudos,Activity,13482747670
"Jan 30, 2025, 9:32:51 AM",Kudos,Activity,13490172380
"Jan 31, 2025, 1:14:17 AM",Kudos,Activity,13495725981
"Jan 31, 2025, 1:14:18 AM",Kudos,Activity,13495273994
"Jan 31, 2025, 1:14:23 AM",Kudos,Activity,13495483919
"Jan 31, 2025, 1:14:26 AM",Kudos,Activity,13495317326
"Jan 31, 2025, 5:30:45 PM",Kudos,Activity,13501617963
"Jan 31, 2025, 5:30:47 PM",Kudos,Activity,13502394444
"Jan 31, 2025, 5:30:53 PM",Kudos,Activity,13502549495
"Jan 31, 2025, 5:30:55 PM",Kudos,Activity,13502577251
"Jan 31, 2025, 5:30:58 PM",Kudos,Activity,13500817468
"Feb 1, 2025, 2:59:19 PM",Kudos,Activity,13510536072
"Feb 1, 2025, 2:59:33 PM",Kudos,Activity,13510002183
"Feb 1, 2025, 2:59:35 PM",Kudos,Activity,13510284449
"Feb 1, 2025, 2:59:38 PM",Kudos,Activity,13507862013
"Feb 1, 2025, 2:59:41 PM",Kudos,Activity,13509402408
"Feb 1, 2025, 2:59:50 PM",Kudos,Activity,13508779741
"Feb 1, 2025, 9:54:42 PM",Kudos,Activity,13511912730
"Feb 1, 2025, 9:54:44 PM",Kudos,Activity,13511230965
"Feb 2, 2025, 10:44:14 AM",Kudos,Activity,13516977081
"Feb 2, 2025, 10:44:20 AM",Kudos,Activity,13517044777
"Feb 2, 2025, 11:13:14 AM",Kudos,Activity,13517347622
"Feb 2, 2025, 12:25:11 PM",Kudos,Activity,13518390947
"Feb 2, 2025, 5:14:55 PM",Kudos,Activity,13521283544
"Feb 2, 2025, 5:14:57 PM",Kudos,Activity,13520491738
"Feb 3, 2025, 3:50:18 PM",Kudos,Activity,13528533225
"Feb 3, 2025, 4:53:40 PM",Kudos,Activity,13529128930
"Feb 4, 2025, 7:23:17 PM",Kudos,Activity,13539599108
"Feb 4, 2025, 7:23:20 PM",Kudos,Activity,13540068304
"Feb 4, 2025, 7:23:22 PM",Kudos,Activity,13538885413
"Feb 4, 2025, 7:23:38 PM",Kudos,Activity,13539367672
"Feb 4, 2025, 7:23:43 PM",Kudos,Activity,13540028294
"Feb 4, 2025, 7:23:46 PM",Kudos,Activity,13539918198
"Feb 4, 2025, 7:23:47 PM",Kudos,Activity,13539935169
"Feb 4, 2025, 7:23:49 PM",Kudos,Activity,13535125851
"Feb 4, 2025, 7:23:51 PM",Kudos,Activity,13535037621
"Feb 4, 2025, 7:23:59 PM",Kudos,Activity,13529576477
"Feb 4, 2025, 7:24:04 PM",Kudos,Activity,13529413112
"Feb 4, 2025, 8:01:57 PM",Kudos,Activity,13540175648
"Feb 4, 2025, 8:55:31 PM",Kudos,Activity,13540799215
"Feb 5, 2025, 7:00:15 AM",Kudos,Activity,13543713401
"Feb 5, 2025, 1:42:31 PM",Kudos,Activity,13544498632
"Feb 5, 2025, 5:15:42 PM",Kudos,Activity,13548227955
"Feb 5, 2025, 8:42:46 PM",Kudos,Activity,13549239450
"Feb 5, 2025, 9:35:45 PM",Kudos,Activity,13550266984
"Feb 6, 2025, 8:35:58 AM",Kudos,Activity,13553148108
"Feb 6, 2025, 10:42:06 AM",Kudos,Activity,13554071256
"Feb 6, 2025, 4:05:21 PM",Kudos,Activity,13556396045
"Feb 6, 2025, 4:05:22 PM",Kudos,Activity,13555793191
"Feb 6, 2025, 8:28:46 PM",Kudos,Activity,13558345117
"Feb 6, 2025, 8:28:48 PM",Kudos,Activity,13558467070
"Feb 6, 2025, 8:28:52 PM",Kudos,Activity,13558368614
"Feb 7, 2025, 3:37:51 AM",Kudos,Activity,13558239406
"Feb 7, 2025, 3:37:52 AM",Kudos,Activity,13557944108
"Feb 7, 2025, 4:01:12 PM",Kudos,Activity,13561813174
"Feb 7, 2025, 4:01:26 PM",Kudos,Activity,13564885810
"Feb 7, 2025, 5:45:03 PM",Kudos,Activity,13565489918
"Feb 8, 2025, 7:10:57 AM",Kudos,Activity,13565644182
"Feb 8, 2025, 9:04:52 AM",Kudos,Activity,13569570786
"Feb 8, 2025, 9:05:03 AM",Kudos,Activity,13566119819
"Feb 8, 2025, 9:05:05 AM",Kudos,Activity,13565861769
"Feb 8, 2025, 9:05:15 AM",Kudos,Activity,13566240391
"Feb 8, 2025, 4:17:09 PM",Kudos,Activity,13573306865
"Feb 8, 2025, 4:17:09 PM",Kudos,Activity,13573601016
"Feb 8, 2025, 8:56:56 PM",Kudos,Activity,13574559996
"Feb 8, 2025, 8:57:05 PM",Kudos,Activity,13571675354
"Feb 8, 2025, 9:25:36 PM",Kudos,Activity,13575771011
"Feb 9, 2025, 1:18:11 PM",Kudos,Activity,13581110671
"Feb 9, 2025, 1:18:16 PM",Kudos,Activity,13579598646
"Feb 9, 2025, 1:18:22 PM",Kudos,Activity,13581842145
"Feb 9, 2025, 7:56:36 PM",Kudos,Activity,13585458596
"Feb 10, 2025, 6:21:22 PM",Kudos,Activity,13591869423
"Feb 10, 2025, 6:41:25 PM",Kudos,Activity,13591875880
"Feb 10, 2025, 8:18:45 PM",Kudos,Activity,13593024827
"Feb 10, 2025, 8:18:49 PM",Kudos,Activity,13592409365
"Feb 11, 2025, 5:51:01 PM",Kudos,Activity,13600867031
"Feb 11, 2025, 8:34:11 PM",Kudos,Activity,13601659548
"Feb 11, 2025, 9:31:49 PM",Kudos,Activity,13602895324
"Feb 11, 2025, 9:31:50 PM",Kudos,Activity,13600871475
"Feb 12, 2025, 5:18:07 AM",Kudos,Activity,13601971160
"Feb 12, 2025, 5:18:18 AM",Kudos,Activity,13602164470
"Feb 12, 2025, 5:18:20 AM",Kudos,Activity,13602334518
"Feb 12, 2025, 5:18:22 AM",Kudos,Activity,13601938873
"Feb 12, 2025, 8:30:49 AM",Kudos,Activity,13605675558
"Feb 12, 2025, 12:20:35 PM",Kudos,Activity,13607538735
"Feb 12, 2025, 11:00:25 PM",Kudos,Activity,13610537639
"Feb 12, 2025, 11:00:26 PM",Kudos,Activity,13610140829
"Feb 12, 2025, 11:00:27 PM",Kudos,Activity,13610245968
"Feb 13, 2025, 10:02:03 PM",Kudos,Activity,13619388904
"Feb 13, 2025, 10:02:13 PM",Kudos,Activity,13619408840
"Feb 14, 2025, 6:24:20 PM",Kudos,Activity,13626355188
"Feb 14, 2025, 6:24:21 PM",Kudos,Activity,13626785571
"Feb 14, 2025, 6:24:23 PM",Kudos,Activity,13626682890
"Feb 14, 2025, 7:23:34 PM",Kudos,Activity,13627110295
"Feb 15, 2025, 9:17:20 AM",Kudos,Activity,13630743720
"Feb 15, 2025, 10:39:15 AM",Kudos,Activity,13631366265
"Feb 15, 2025, 10:39:17 AM",Kudos,Activity,13631409599
"Feb 15, 2025, 5:35:37 PM",Kudos,Activity,13634337056
"Feb 15, 2025, 5:35:44 PM",Kudos,Activity,13635046266
"Feb 15, 2025, 5:50:03 PM",Kudos,Activity,13635719177
"Feb 15, 2025, 5:50:06 PM",Kudos,Activity,13635719324
"Feb 15, 2025, 8:28:38 PM",Kudos,Activity,13633927192
"Feb 16, 2025, 10:19:57 AM",Kudos,Activity,13639758550
"Feb 16, 2025, 11:42:11 AM",Kudos,Activity,13640449105
"Feb 16, 2025, 11:42:17 AM",Kudos,Activity,13640162309
"Feb 16, 2025, 2:30:01 PM",Kudos,Activity,13640874397
"Feb 16, 2025, 3:11:57 PM",Kudos,Activity,13640928699
"Feb 16, 2025, 3:12:10 PM",Kudos,Activity,13640158655
"Feb 16, 2025, 3:12:17 PM",Kudos,Activity,13639521198
"Feb 17, 2025, 6:58:15 AM",Kudos,Activity,13646896882
"Feb 17, 2025, 11:17:02 AM",Kudos,Activity,13649221260
"Feb 17, 2025, 5:03:00 PM",Kudos,Activity,13652147229
"Feb 17, 2025, 7:25:30 PM",Kudos,Activity,13652863156
"Feb 17, 2025, 7:25:32 PM",Kudos,Activity,13652870263
"Feb 17, 2025, 7:25:34 PM",Kudos,Activity,13652796879
"Feb 18, 2025, 6:12:42 AM",Kudos,Activity,13654089695
"Feb 18, 2025, 4:43:25 PM",Kudos,Activity,13661007577
"Feb 18, 2025, 7:23:26 PM",Kudos,Activity,13662930026
"Feb 18, 2025, 7:23:30 PM",Kudos,Activity,13662889522
"Feb 18, 2025, 7:23:37 PM",Kudos,Activity,13661936720
"Feb 18, 2025, 7:23:38 PM",Kudos,Activity,13661907475
"Feb 18, 2025, 7:23:51 PM",Kudos,Activity,13662515591
"Feb 18, 2025, 7:54:41 PM",Kudos,Activity,13663235488
"Feb 19, 2025, 5:20:34 AM",Kudos,Activity,13664564137
"Feb 19, 2025, 8:33:57 AM",Kudos,Activity,13666615182
"Feb 19, 2025, 10:02:08 PM",Kudos,Activity,13672090726
"Feb 20, 2025, 3:46:20 PM",Kudos,Activity,13679024386
"Feb 20, 2025, 7:25:48 PM",Kudos,Activity,13680270794
"Feb 20, 2025, 7:25:49 PM",Kudos,Activity,13680455810
"Feb 20, 2025, 7:25:50 PM",Kudos,Activity,13680333027
"Feb 20, 2025, 7:25:51 PM",Kudos,Activity,13680228785
"Feb 20, 2025, 8:03:13 PM",Kudos,Activity,13680965396
"Feb 21, 2025, 2:02:56 PM",Kudos,Activity,13684473587
"Feb 21, 2025, 4:15:00 PM",Kudos,Activity,13687817414
"Feb 21, 2025, 4:15:01 PM",Kudos,Activity,13687672145
"Feb 22, 2025, 6:24:06 PM",Kudos,Activity,13697402440
"Feb 22, 2025, 6:24:07 PM",Kudos,Activity,13696377885
"Feb 22, 2025, 6:24:11 PM",Kudos,Activity,13693921428
"Feb 22, 2025, 6:24:17 PM",Kudos,Activity,13688743539
"Feb 22, 2025, 6:24:18 PM",Kudos,Activity,13693727512
"Feb 22, 2025, 6:24:19 PM",Kudos,Activity,13688878168
"Feb 22, 2025, 6:24:28 PM",Kudos,Activity,13689481436
"Feb 22, 2025, 6:24:31 PM",Kudos,Activity,13688975342
"Feb 24, 2025, 5:59:05 AM",Kudos,Activity,13708389869
"Feb 28, 2025, 6:29:06 PM",Kudos,Activity,13752285823
"Mar 3, 2025, 6:53:22 PM",Kudos,Activity,13779394296
"Mar 3, 2025, 6:53:29 PM",Kudos,Activity,13777958217
"Mar 3, 2025, 6:53:34 PM",Kudos,Activity,13779447372
"Mar 3, 2025, 6:53:44 PM",Kudos,Activity,13770082428
"Mar 3, 2025, 7:47:32 PM",Kudos,Activity,13780239548
"Mar 3, 2025, 7:47:37 PM",Kudos,Activity,13780154513
"Mar 4, 2025, 4:50:38 PM",Kudos,Activity,13786611370
"Mar 4, 2025, 4:50:40 PM",Kudos,Activity,13783970698
"Mar 5, 2025, 5:55:54 AM",Kudos,Activity,13789558950
"Mar 5, 2025, 5:55:56 AM",Kudos,Activity,13789744623
"Mar 5, 2025, 5:55:59 AM",Kudos,Activity,13789672515
"Mar 5, 2025, 5:56:00 AM",Kudos,Activity,13789585842
"Mar 5, 2025, 7:43:18 AM",Kudos,Activity,13793037669
"Mar 5, 2025, 8:40:30 PM",Kudos,Activity,13798099563
"Mar 5, 2025, 8:40:30 PM",Kudos,Activity,13797839743
"Mar 5, 2025, 8:40:44 PM",Kudos,Activity,13798708424
"Mar 6, 2025, 12:40:11 PM",Kudos,Activity,13802561423
"Mar 8, 2025, 4:13:50 PM",Kudos,Activity,13823971173
"Mar 9, 2025, 7:33:08 PM",Kudos,Activity,13836088489
"Mar 10, 2025, 8:44:55 PM",Kudos,Activity,13844915907
"Mar 10, 2025, 8:45:12 PM",Kudos,Activity,13844374071
"Mar 10, 2025, 8:45:13 PM",Kudos,Activity,13844358077
"Mar 10, 2025, 8:45:16 PM",Kudos,Activity,13843858698
"Mar 11, 2025, 7:42:38 PM",Kudos,Activity,13853982319
"Mar 11, 2025, 7:42:39 PM",Kudos,Activity,13853983106
"Mar 11, 2025, 7:42:48 PM",Kudos,Activity,13854595717
"Mar 11, 2025, 7:42:53 PM",Kudos,Activity,13855065552
"Mar 11, 2025, 7:43:08 PM",Kudos,Activity,13854002749
"Mar 12, 2025, 7:29:15 PM",Kudos,Activity,13864236751
"Mar 13, 2025, 11:26:06 AM",Kudos,Activity,13868024233
"Mar 14, 2025, 5:43:56 AM",Kudos,Activity,13873238917
"Mar 14, 2025, 3:59:08 PM",Kudos,Activity,13880967331
"Mar 14, 2025, 3:59:09 PM",Kudos,Activity,13880863239
"Mar 14, 2025, 7:32:41 PM",Kudos,Activity,13881563272
"Mar 14, 2025, 7:32:46 PM",Kudos,Activity,13882182300
"Mar 15, 2025, 1:48:55 PM",Kudos,Activity,13888551849
"Mar 15, 2025, 1:48:58 PM",Kudos,Activity,13887669869
"Mar 15, 2025, 1:49:00 PM",Kudos,Activity,13886109539
"Mar 15, 2025, 1:49:03 PM",Kudos,Activity,13887053530
"Mar 15, 2025, 1:49:05 PM",Kudos,Activity,13882862670
"Mar 15, 2025, 3:49:45 PM",Kudos,Activity,13888937846
"Mar 16, 2025, 6:11:25 PM",Kudos,Activity,13899951817
"Mar 17, 2025, 7:58:05 PM",Kudos,Activity,13908877783
"Mar 17, 2025, 7:58:09 PM",Kudos,Activity,13908917325
"Mar 17, 2025, 7:58:13 PM",Kudos,Activity,13907205821
"Mar 17, 2025, 7:58:14 PM",Kudos,Activity,13863378799
"Mar 19, 2025, 12:15:08 PM",Kudos,Activity,13917299401
"Mar 19, 2025, 12:15:17 PM",Kudos,Activity,13923817978
"Mar 19, 2025, 12:15:18 PM",Kudos,Activity,13924332984
"Mar 19, 2025, 12:15:30 PM",Kudos,Activity,13919624719
"Mar 19, 2025, 6:50:10 PM",Kudos,Activity,13928079484
"Mar 19, 2025, 6:51:02 PM",Kudos,Activity,13927158409
"Mar 19, 2025, 6:51:16 PM",Kudos,Activity,13927379100
"Mar 19, 2025, 6:51:21 PM",Kudos,Activity,13928145386
"Mar 19, 2025, 6:51:40 PM",Kudos,Activity,13928144905
"Mar 19, 2025, 6:51:48 PM",Kudos,Activity,13928049704
"Mar 20, 2025, 3:14:12 PM",Kudos,Activity,13935720118
"Mar 21, 2025, 5:59:45 AM",Kudos,Activity,13937233979
"Mar 21, 2025, 6:00:17 AM",Kudos,Activity,13938939735
"Mar 21, 2025, 6:00:19 AM",Kudos,Activity,13939949155
"Mar 21, 2025, 6:00:22 AM",Kudos,Activity,13939473093
"Mar 21, 2025, 11:38:52 AM",Kudos,Activity,13942467155
"Mar 21, 2025, 11:38:59 AM",Kudos,Activity,13942749664
"Mar 22, 2025, 8:02:57 AM",Kudos,Activity,13947195587
"Mar 22, 2025, 8:03:08 AM",Kudos,Activity,13946001894
"Mar 22, 2025, 9:57:26 AM",Kudos,Activity,13951092749
"Mar 22, 2025, 2:47:31 PM",Kudos,Activity,13953694837
"Mar 22, 2025, 2:47:34 PM",Kudos,Activity,13954320506
"Mar 23, 2025, 12:15:42 PM",Kudos,Activity,13962864395
"Mar 23, 2025, 12:15:49 PM",Kudos,Activity,13955015028
"Mar 23, 2025, 12:15:51 PM",Kudos,Activity,13955110728
"Mar 24, 2025, 4:20:50 PM",Kudos,Activity,13973901841
"Mar 24, 2025, 4:20:54 PM",Kudos,Activity,13969948160
"Mar 24, 2025, 8:43:35 PM",Kudos,Activity,13976089584
"Mar 24, 2025, 8:44:15 PM",Kudos,Activity,13974077611
"Mar 25, 2025, 7:08:03 PM",Kudos,Activity,13984329835
"Mar 25, 2025, 7:08:04 PM",Kudos,Activity,13984365319
"Mar 25, 2025, 7:08:10 PM",Kudos,Activity,13982443284
"Mar 25, 2025, 8:04:39 PM",Kudos,Activity,13985778958
"Mar 25, 2025, 8:04:40 PM",Kudos,Activity,13985713290
"Mar 25, 2025, 8:04:49 PM",Kudos,Activity,13985723775
"Mar 27, 2025, 4:35:52 PM",Kudos,Activity,14002793727
"Mar 27, 2025, 8:56:30 PM",Kudos,Activity,14004447436
"Mar 27, 2025, 8:56:32 PM",Kudos,Activity,14004094457
"Mar 28, 2025, 10:36:52 AM",Kudos,Activity,14008774574
"Mar 30, 2025, 8:31:25 AM",Kudos,Activity,14010029718
"Mar 30, 2025, 10:08:43 AM",Kudos,Activity,14026800341
"Mar 30, 2025, 12:21:12 PM",Kudos,Activity,14028568248
"Mar 30, 2025, 12:21:46 PM",Kudos,Activity,14026811101
"Mar 30, 2025, 8:06:40 PM",Kudos,Activity,14033621969
"Apr 1, 2025, 8:03:09 PM",Kudos,Activity,14050274176
"Apr 1, 2025, 8:03:20 PM",Kudos,Activity,14051418893
"Apr 1, 2025, 8:03:21 PM",Kudos,Activity,14051458620
"Apr 2, 2025, 6:56:26 AM",Kudos,Activity,14055092369
"Apr 2, 2025, 4:39:51 PM",Kudos,Activity,14059749710
"Apr 4, 2025, 7:56:07 AM",Kudos,Activity,14074830755
"Apr 4, 2025, 7:56:14 AM",Kudos,Activity,14071289427
"Apr 4, 2025, 2:28:14 PM",Kudos,Activity,14075711049
"Apr 4, 2025, 2:28:20 PM",Kudos,Activity,14076424696
"Apr 5, 2025, 2:09:40 PM",Kudos,Activity,14084886462
"Apr 5, 2025, 2:09:44 PM",Kudos,Activity,14084912634
"Apr 5, 2025, 2:09:47 PM",Kudos,Activity,14084796589
"Apr 5, 2025, 2:09:47 PM",Kudos,Activity,14084791324
"Apr 5, 2025, 2:09:58 PM",Kudos,Activity,14080111048
"Apr 5, 2025, 2:10:04 PM",Kudos,Activity,14078808787
"Apr 5, 2025, 2:20:31 PM",Kudos,Activity,14087643769
"Apr 5, 2025, 4:40:30 PM",Kudos,Activity,14087344548
"Apr 5, 2025, 4:40:31 PM",Kudos,Activity,14087343269
"Apr 6, 2025, 3:00:18 PM",Kudos,Activity,14096465879
"Apr 6, 2025, 3:00:21 PM",Kudos,Activity,14095836953
"Apr 6, 2025, 4:34:04 PM",Kudos,Activity,14098916933
"Apr 7, 2025, 7:33:04 PM",Kudos,Activity,14108811354
"Apr 8, 2025, 7:58:38 PM",Kudos,Activity,14118276657
"Apr 9, 2025, 4:43:33 AM",Kudos,Activity,14119533452
"Apr 9, 2025, 4:43:35 AM",Kudos,Activity,14119571036
"Apr 9, 2025, 4:43:40 AM",Kudos,Activity,14119630907
"Apr 9, 2025, 6:56:56 PM",Kudos,Activity,14128813331
"Apr 9, 2025, 6:57:03 PM",Kudos,Activity,14129637692
"Apr 9, 2025, 9:03:53 PM",Kudos,Activity,14130880531
"Apr 10, 2025, 3:30:14 PM",Kudos,Activity,14135984389
"Apr 11, 2025, 4:42:07 PM",Kudos,Activity,14146346723
"Apr 11, 2025, 4:42:14 PM",Kudos,Activity,14147342840
"Apr 11, 2025, 4:42:15 PM",Kudos,Activity,14147341566
"Apr 13, 2025, 6:58:53 AM",Kudos,Activity,14152225811
"Apr 13, 2025, 6:58:55 AM",Kudos,Activity,14156108214
"Apr 13, 2025, 6:58:58 AM",Kudos,Activity,14147069436
"Apr 13, 2025, 6:59:06 AM",Kudos,Activity,14152818338
"Apr 13, 2025, 1:26:16 PM",Kudos,Activity,14162641928
"Apr 13, 2025, 1:27:19 PM",Kudos,Activity,14162683123
"Apr 13, 2025, 1:27:30 PM",Kudos,Activity,14162766663
"Apr 13, 2025, 1:27:35 PM",Kudos,Activity,14162599360
"Apr 13, 2025, 1:27:50 PM",Kudos,Activity,14162246520
"Apr 13, 2025, 1:51:11 PM",Kudos,Activity,14162520513
"Apr 13, 2025, 3:47:51 PM",Kudos,Activity,14166580501
"Apr 14, 2025, 10:51:30 AM",Kudos,Activity,14173058401
"Apr 14, 2025, 4:28:43 PM",Kudos,Activity,14175205832
"Apr 14, 2025, 6:30:00 PM",Kudos,Activity,14176149193
"Apr 14, 2025, 6:30:02 PM",Kudos,Activity,14176553256
"Apr 15, 2025, 7:38:19 PM",Kudos,Activity,14185161527
"Apr 15, 2025, 7:38:33 PM",Kudos,Activity,14187156767
"Apr 15, 2025, 7:38:44 PM",Kudos,Activity,14185877294
"Apr 15, 2025, 7:38:45 PM",Kudos,Activity,14186131325
"Apr 16, 2025, 7:45:31 AM",Kudos,Activity,14191110598
"Apr 16, 2025, 7:27:32 PM",Kudos,Activity,14196766882
"Apr 17, 2025, 5:09:13 PM",Kudos,Activity,14205143567
"Apr 17, 2025, 5:09:16 PM",Kudos,Activity,14205056287
"Apr 17, 2025, 5:09:19 PM",Kudos,Activity,14204647828
"Apr 17, 2025, 5:09:26 PM",Kudos,Activity,14205289579
"Apr 17, 2025, 5:09:35 PM",Kudos,Activity,14205288849
"Apr 18, 2025, 5:54:07 AM",Kudos,Activity,14206098220
"Apr 18, 2025, 5:54:13 AM",Kudos,Activity,14206055689
"Apr 18, 2025, 3:11:24 PM",Kudos,Activity,14211720084
"Apr 18, 2025, 3:11:32 PM",Kudos,Activity,14212397382
"Apr 18, 2025, 3:11:34 PM",Kudos,Activity,14211106126
"Apr 20, 2025, 8:26:46 AM",Kudos,Activity,14224965125
"Apr 20, 2025, 8:27:06 AM",Kudos,Activity,14229386276
"Apr 20, 2025, 8:27:13 AM",Kudos,Activity,14224593924
"Apr 20, 2025, 8:27:22 AM",Kudos,Activity,14220095643
"Apr 20, 2025, 8:27:37 AM",Kudos,Activity,14221095030
"Apr 20, 2025, 8:27:42 AM",Kudos,Activity,14223725007
"Apr 22, 2025, 6:45:07 PM",Kudos,Activity,14253582490
"Apr 22, 2025, 6:45:09 PM",Kudos,Activity,14253828525
"Apr 22, 2025, 6:45:11 PM",Kudos,Activity,14254604195
"Apr 27, 2025, 4:16:13 PM",Kudos,Activity,14300738571
"Apr 27, 2025, 4:16:16 PM",Kudos,Activity,14298464936
"Apr 27, 2025, 4:16:25 PM",Kudos,Activity,14299649370
"Apr 27, 2025, 4:16:25 PM",Kudos,Activity,14299742554
"Apr 27, 2025, 4:16:42 PM",Kudos,Activity,14285872319
"Apr 27, 2025, 4:17:00 PM",Kudos,Activity,14284304852
"Apr 27, 2025, 4:17:20 PM",Kudos,Activity,14289124341
"Apr 27, 2025, 4:17:30 PM",Kudos,Activity,14279650986
"Apr 27, 2025, 4:17:33 PM",Kudos,Activity,14283602604
"Apr 27, 2025, 4:17:36 PM",Kudos,Activity,14283307111
"Apr 27, 2025, 4:17:37 PM",Kudos,Activity,14283308973
"Apr 27, 2025, 4:17:40 PM",Kudos,Activity,14281408990
"Apr 27, 2025, 4:17:45 PM",Kudos,Activity,14288459946
"Apr 27, 2025, 4:17:47 PM",Kudos,Activity,14290962769
"Apr 27, 2025, 4:17:49 PM",Kudos,Activity,14293281802
"Apr 27, 2025, 4:17:52 PM",Kudos,Activity,14295087696
"Apr 27, 2025, 4:18:08 PM",Kudos,Activity,14293481253
"Apr 27, 2025, 8:52:59 PM",Kudos,Activity,14305645588
"May 1, 2025, 12:25:03 PM",Kudos,Activity,14342322577
"May 3, 2025, 5:45:52 PM",Kudos,Activity,14364270037
"May 10, 2025, 3:46:46 PM",Kudos,Activity,14436068006
"May 10, 2025, 3:46:50 PM",Kudos,Activity,14434263161
"May 10, 2025, 3:46:52 PM",Kudos,Activity,14433061877
"May 11, 2025, 5:31:14 PM",Kudos,Activity,14445383861
"May 11, 2025, 5:31:20 PM",Kudos,Activity,14443433523
"May 11, 2025, 5:31:23 PM",Kudos,Activity,14446977659
"May 11, 2025, 5:31:27 PM",Kudos,Activity,14442112819
"May 11, 2025, 5:31:36 PM",Kudos,Activity,14386549767
"May 11, 2025, 5:32:19 PM",Kudos,Activity,14432179959
"May 11, 2025, 5:32:27 PM",Kudos,Activity,14426576475
"May 13, 2025, 6:56:34 PM",Kudos,Activity,14469889349
"May 13, 2025, 6:56:52 PM",Kudos,Activity,14468406322
"May 13, 2025, 6:56:57 PM",Kudos,Activity,14460987660
"May 13, 2025, 6:56:59 PM",Kudos,Activity,14467763065
"May 13, 2025, 6:57:01 PM",Kudos,Activity,14458333357
"May 13, 2025, 6:57:06 PM",Kudos,Activity,14463272942
"May 13, 2025, 6:57:10 PM",Kudos,Activity,14459161151
"May 13, 2025, 7:37:57 PM",Kudos,Activity,14456191189
"May 14, 2025, 9:49:04 AM",Kudos,Activity,14475182237
"May 15, 2025, 6:29:17 AM",Kudos,Activity,14478537031
"May 16, 2025, 5:17:21 PM",Kudos,Activity,14499833865
"May 16, 2025, 5:17:22 PM",Kudos,Activity,14499439469
"May 17, 2025, 3:19:38 PM",Kudos,Activity,14506043114
"May 17, 2025, 3:31:14 PM",Kudos,Activity,14509769480
"May 18, 2025, 7:57:00 PM",Kudos,Activity,14519958576
"May 18, 2025, 7:57:14 PM",Kudos,Activity,14515486085
"May 18, 2025, 7:57:19 PM",Kudos,Activity,14511079708
"May 18, 2025, 7:57:25 PM",Kudos,Activity,14521124099
"May 18, 2025, 7:57:27 PM",Kudos,Activity,14516333618
"May 18, 2025, 7:57:31 PM",Kudos,Activity,14509924875
"May 18, 2025, 7:57:39 PM",Kudos,Activity,14519020677
"May 18, 2025, 7:57:42 PM",Kudos,Activity,14516359542
"May 19, 2025, 8:25:07 PM",Kudos,Activity,14529619454
"May 19, 2025, 8:25:18 PM",Kudos,Activity,14530343454
"May 20, 2025, 5:03:32 PM",Kudos,Activity,14540782083
"May 20, 2025, 5:03:35 PM",Kudos,Activity,14540395498
"May 20, 2025, 5:03:50 PM",Kudos,Activity,14535888854
"May 22, 2025, 6:27:28 AM",Kudos,Activity,14542599946
"May 23, 2025, 10:25:36 AM",Kudos,Activity,14562644560
"May 23, 2025, 10:25:37 AM",Kudos,Activity,14562434006
"May 23, 2025, 10:25:44 AM",Kudos,Activity,14561251147
"May 23, 2025, 10:25:54 AM",Kudos,Activity,14559833344
"May 23, 2025, 10:25:57 AM",Kudos,Activity,14559892504
"May 23, 2025, 10:26:18 AM",Kudos,Activity,14563215087
"May 23, 2025, 10:26:19 AM",Kudos,Activity,14563206084
"May 25, 2025, 8:09:08 AM",Kudos,Activity,14581277722
"May 25, 2025, 4:25:33 PM",Kudos,Activity,14576496187
"May 25, 2025, 4:25:34 PM",Kudos,Activity,14576466426
"May 25, 2025, 4:25:38 PM",Kudos,Activity,14576708645
"May 25, 2025, 4:25:43 PM",Kudos,Activity,14582596404
"May 26, 2025, 4:51:18 AM",Kudos,Activity,14594777655
"May 31, 2025, 6:18:09 PM",Kudos,Activity,14647990388
"May 31, 2025, 6:18:13 PM",Kudos,Activity,14648243279
"May 31, 2025, 6:18:19 PM",Kudos,Activity,14648915903
"May 31, 2025, 6:18:23 PM",Kudos,Activity,14639077739
"May 31, 2025, 6:18:28 PM",Kudos,Activity,14652512000
"Jun 4, 2025, 6:57:56 PM",Kudos,Activity,14695460516
"Jun 4, 2025, 6:57:58 PM",Kudos,Activity,14695418911
"Jun 4, 2025, 6:57:59 PM",Kudos,Activity,14695545971
"Jun 4, 2025, 6:58:03 PM",Kudos,Activity,14691855180
"Jun 4, 2025, 8:09:43 PM",Kudos,Activity,14697356868
"Jun 5, 2025, 1:37:09 PM",Kudos,Activity,14658950734
"Jun 8, 2025, 2:07:32 PM",Kudos,Activity,14720042076
"Jun 8, 2025, 2:07:42 PM",Kudos,Activity,14726397575
"Jun 10, 2025, 7:42:54 PM",Kudos,Activity,14757591445
"Jun 10, 2025, 7:42:56 PM",Kudos,Activity,14757442128
"Jun 10, 2025, 7:42:57 PM",Kudos,Activity,14757812411
"Jun 10, 2025, 7:43:01 PM",Kudos,Activity,14756868865
"Jun 10, 2025, 7:43:12 PM",Kudos,Activity,14756639086
"Jun 10, 2025, 7:43:20 PM",Kudos,Activity,14757028547
"Jun 13, 2025, 5:37:19 PM",Kudos,Activity,14788116780
"Jun 13, 2025, 5:37:26 PM",Kudos,Activity,14787634576
"Jun 13, 2025, 5:37:31 PM",Kudos,Activity,14788157778
"Jun 13, 2025, 5:37:49 PM",Kudos,Activity,14788579956
"Jun 13, 2025, 5:38:19 PM",Kudos,Activity,14786442102
"Jun 14, 2025, 8:24:06 AM",Kudos,Activity,14789356113
"Jun 14, 2025, 8:24:08 AM",Kudos,Activity,14789465469
"Jun 16, 2025, 7:05:44 PM",Kudos,Activity,14806518437
"Jun 16, 2025, 7:06:00 PM",Kudos,Activity,14818315509
"Jun 16, 2025, 7:06:14 PM",Kudos,Activity,14794027827
"Jun 16, 2025, 7:06:15 PM",Kudos,Activity,14794226799
"Jun 16, 2025, 7:06:17 PM",Kudos,Activity,14804936179
"Jun 17, 2025, 4:37:29 AM",Kudos,Activity,14820992447
"Jun 17, 2025, 7:50:07 AM",Kudos,Activity,14824481730
"Jun 17, 2025, 7:50:14 AM",Kudos,Activity,14824251113
"Jun 17, 2025, 8:25:08 PM",Kudos,Activity,14830021129
"Jun 17, 2025, 8:26:01 PM",Kudos,Activity,14828218418
"Jun 17, 2025, 8:26:06 PM",Kudos,Activity,14830614559
"Jun 18, 2025, 4:50:27 AM",Kudos,Activity,14830693062
"Jun 18, 2025, 4:50:28 AM",Kudos,Activity,14830678698
"Jun 18, 2025, 10:39:03 PM",Kudos,Activity,14841147307
"Jun 19, 2025, 7:12:44 AM",Kudos,Activity,14845569141
"Jun 21, 2025, 11:11:31 AM",Kudos,Activity,14868077788
"Jun 21, 2025, 11:11:33 AM",Kudos,Activity,14857447926
"Jun 21, 2025, 11:11:36 AM",Kudos,Activity,14852097618
"Jun 21, 2025, 11:11:42 AM",Kudos,Activity,14861474328
"Jun 21, 2025, 11:11:49 AM",Kudos,Activity,14866709621
"Jun 21, 2025, 11:12:05 AM",Kudos,Activity,14867401297
"Jun 21, 2025, 5:11:15 PM",Kudos,Activity,14872605776
"Jun 21, 2025, 5:11:39 PM",Kudos,Activity,14872565697
"Jun 21, 2025, 5:11:48 PM",Kudos,Activity,14870927637
"Jun 22, 2025, 6:03:03 PM",Kudos,Activity,14883545907
"Jun 22, 2025, 6:03:20 PM",Kudos,Activity,14880885184
"Jun 22, 2025, 6:17:13 PM",Kudos,Activity,14881938331
"Jun 22, 2025, 6:17:15 PM",Kudos,Activity,14878807047
"Jun 22, 2025, 6:17:19 PM",Kudos,Activity,14877779955
"Jun 23, 2025, 8:32:11 AM",Kudos,Activity,14887926292
"Jun 23, 2025, 8:32:18 AM",Kudos,Activity,14884600024
"Jun 23, 2025, 8:32:22 AM",Kudos,Activity,14884690062
"Jun 24, 2025, 7:52:23 AM",Kudos,Activity,14893497926
"Jun 24, 2025, 11:12:00 AM",Kudos,Activity,14898104891
"Jun 24, 2025, 3:00:01 PM",Kudos,Activity,14901363940
"Jun 24, 2025, 6:19:25 PM",Kudos,Activity,14903380051
"Jun 24, 2025, 6:19:30 PM",Kudos,Activity,14903337636
"Jun 24, 2025, 6:19:33 PM",Kudos,Activity,14902679842
"Jun 24, 2025, 6:54:26 PM",Kudos,Activity,14903429459
"Jun 24, 2025, 7:19:37 PM",Kudos,Activity,14904090095
"Jun 24, 2025, 9:38:49 PM",Kudos,Activity,14904158602
"Jun 24, 2025, 9:38:52 PM",Kudos,Activity,14904555012
"Jun 24, 2025, 9:38:59 PM",Kudos,Activity,14904378619
"Jun 24, 2025, 9:39:27 PM",Kudos,Activity,14904158476
"Jun 24, 2025, 9:39:30 PM",Kudos,Activity,14904073727
"Jun 24, 2025, 9:39:39 PM",Kudos,Activity,14904090057
"Jun 25, 2025, 10:59:54 AM",Kudos,Activity,14909021538
"Jun 25, 2025, 10:59:54 AM",Kudos,Activity,14909494287
"Jun 25, 2025, 1:23:56 PM",Kudos,Activity,14908320640
"Jun 26, 2025, 5:57:56 AM",Kudos,Activity,14914969349
"Jun 26, 2025, 5:58:00 AM",Kudos,Activity,14915985146
"Jun 26, 2025, 9:16:42 AM",Kudos,Activity,14919302469
"Jun 27, 2025, 5:28:12 AM",Kudos,Activity,14925505293
"Jun 27, 2025, 5:28:14 AM",Kudos,Activity,14924754342
"Jun 27, 2025, 5:28:16 AM",Kudos,Activity,14924829124
"Jun 27, 2025, 8:11:59 AM",Kudos,Activity,14925313522
"Jun 27, 2025, 12:39:32 PM",Kudos,Activity,14931074875
"Jun 27, 2025, 5:57:48 PM",Kudos,Activity,14934112851
"Jun 27, 2025, 5:57:51 PM",Kudos,Activity,14933860173
"Jun 27, 2025, 9:17:52 PM",Kudos,Activity,14935647420
"Jun 28, 2025, 8:19:43 AM",Kudos,Activity,14938837209
"Jun 28, 2025, 3:36:27 PM",Kudos,Activity,14942509936
"Jun 28, 2025, 3:36:42 PM",Kudos,Activity,14940612596
"Jun 28, 2025, 9:11:18 PM",Kudos,Activity,14946065548
"Jun 29, 2025, 12:00:21 AM",Kudos,Activity,14945013809
"Jun 29, 2025, 12:00:30 AM",Kudos,Activity,14944786449
"Jun 29, 2025, 7:39:15 AM",Kudos,Activity,14948655251
"Jun 29, 2025, 9:15:33 AM",Kudos,Activity,14949342005
"Jun 29, 2025, 12:30:20 PM",Kudos,Activity,14950535052
"Jun 29, 2025, 12:30:25 PM",Kudos,Activity,14952077237
"Jun 29, 2025, 12:30:43 PM",Kudos,Activity,14948708346
"Jun 30, 2025, 9:32:59 AM",Kudos,Activity,14959787746
"Jun 30, 2025, 9:33:01 AM",Kudos,Activity,14955874369
"Jul 1, 2025, 8:23:02 AM",Kudos,Activity,14969563769
"Jul 1, 2025, 8:23:05 AM",Kudos,Activity,14966679768
"Jul 1, 2025, 8:23:07 AM",Kudos,Activity,14966408787
"Jul 1, 2025, 8:23:12 AM",Kudos,Activity,14969192970
"Jul 1, 2025, 8:23:20 AM",Kudos,Activity,14964639428
"Jul 1, 2025, 10:55:13 AM",Kudos,Activity,14971118333
"Jul 1, 2025, 7:34:40 PM",Kudos,Activity,14976301791
"Jul 1, 2025, 7:34:45 PM",Kudos,Activity,14975723841
"Jul 1, 2025, 7:35:13 PM",Kudos,Activity,14975979567
"Jul 1, 2025, 7:35:19 PM",Kudos,Activity,14975683980
"Jul 1, 2025, 7:35:25 PM",Kudos,Activity,14976516506
"Jul 1, 2025, 7:35:37 PM",Kudos,Activity,14975613547
"Jul 1, 2025, 7:44:59 PM",Kudos,Activity,14976629784
"Jul 2, 2025, 10:53:13 AM",Kudos,Activity,14980613130
"Jul 2, 2025, 2:14:26 PM",Kudos,Activity,14982848748
"Jul 2, 2025, 5:58:37 PM",Kudos,Activity,14984439047
"Jul 2, 2025, 7:49:46 PM",Kudos,Activity,14986368518
"Jul 3, 2025, 1:18:57 PM",Kudos,Activity,14991774679
"Jul 3, 2025, 1:19:22 PM",Kudos,Activity,14991073526
"Jul 3, 2025, 1:19:31 PM",Kudos,Activity,14991470032
"Jul 3, 2025, 6:47:53 PM",Kudos,Activity,14997273000
"Jul 3, 2025, 6:48:04 PM",Kudos,Activity,14994281070
"Jul 3, 2025, 7:40:57 PM",Kudos,Activity,14997810962
"Jul 4, 2025, 10:28:44 AM",Kudos,Activity,15001680145
"Jul 5, 2025, 6:25:18 AM",Kudos,Activity,15008402312
"Jul 5, 2025, 6:30:36 AM",Kudos,Activity,15006678318
"Jul 5, 2025, 6:30:37 AM",Kudos,Activity,15005826185
"Jul 5, 2025, 9:38:25 AM",Kudos,Activity,15012501333
"Jul 5, 2025, 9:38:31 AM",Kudos,Activity,15011519624
"Jul 6, 2025, 5:36:07 PM",Kudos,Activity,15026544556
"Jul 6, 2025, 5:36:10 PM",Kudos,Activity,15022980342
"Jul 6, 2025, 7:19:01 PM",Kudos,Activity,15028649764
"Jul 8, 2025, 12:51:18 PM",Kudos,Activity,15038385988
"Jul 8, 2025, 12:51:22 PM",Kudos,Activity,15044129751
"Jul 8, 2025, 8:35:30 PM",Kudos,Activity,15049714673
"Jul 8, 2025, 8:35:38 PM",Kudos,Activity,15046574503
"Jul 9, 2025, 10:21:12 AM",Kudos,Activity,15054378511
"Jul 9, 2025, 10:21:33 AM",Kudos,Activity,15053352165
"Jul 9, 2025, 7:18:17 PM",Kudos,Activity,15060038755
"Jul 9, 2025, 7:18:19 PM",Kudos,Activity,15060917825
"Jul 9, 2025, 7:18:21 PM",Kudos,Activity,15060033405
"Jul 9, 2025, 8:55:10 PM",Kudos,Activity,15060605120
"Jul 10, 2025, 7:37:12 AM",Kudos,Activity,15064948166
"Jul 10, 2025, 3:27:55 PM",Kudos,Activity,15068170733
"Jul 10, 2025, 7:17:11 PM",Kudos,Activity,15071360744
"Jul 11, 2025, 8:38:29 AM",Kudos,Activity,15076397438
"Jul 11, 2025, 4:18:22 PM",Kudos,Activity,15076847469
"Jul 12, 2025, 6:16:10 AM",Kudos,Activity,15085179843
"Jul 12, 2025, 11:01:51 AM",Kudos,Activity,15087597047
"Jul 12, 2025, 3:40:23 PM",Kudos,Activity,15090712183
"Jul 12, 2025, 7:47:07 PM",Kudos,Activity,15092515677
"Jul 12, 2025, 11:51:12 PM",Kudos,Activity,15093306903
"Jul 14, 2025, 8:55:43 AM",Kudos,Activity,15104471208
"Jul 14, 2025, 9:11:59 PM",Kudos,Activity,15114130782
"Jul 14, 2025, 9:12:02 PM",Kudos,Activity,15113553532
"Jul 14, 2025, 9:12:05 PM",Kudos,Activity,15113352897
"Jul 15, 2025, 8:44:36 AM",Kudos,Activity,15113304168
"Jul 15, 2025, 8:51:47 PM",Kudos,Activity,15125081164
"Jul 15, 2025, 8:52:14 PM",Kudos,Activity,15125499881
"Jul 15, 2025, 8:52:18 PM",Kudos,Activity,15125675820
"Jul 16, 2025, 11:52:39 AM",Kudos,Activity,15130950842
"Jul 16, 2025, 3:52:09 PM",Kudos,Activity,15134489891
"Jul 17, 2025, 6:16:58 AM",Kudos,Activity,15140648811
"Jul 17, 2025, 6:30:01 PM",Kudos,Activity,15146257225
"Jul 17, 2025, 7:04:48 PM",Kudos,Activity,15147424265
"Jul 17, 2025, 7:59:20 PM",Kudos,Activity,15148007740
"Jul 18, 2025, 2:27:35 PM",Kudos,Activity,15154592615
"Jul 18, 2025, 7:47:39 PM",Kudos,Activity,15158267813
"Jul 19, 2025, 5:08:37 AM",Kudos,Activity,15158209481
"Jul 19, 2025, 12:45:55 PM",Kudos,Activity,15164954111
"Jul 19, 2025, 12:46:01 PM",Kudos,Activity,15163684619
"Jul 20, 2025, 3:10:41 PM",Kudos,Activity,15177788284
"Jul 20, 2025, 3:10:45 PM",Kudos,Activity,15176744463
"Jul 20, 2025, 7:38:44 PM",Kudos,Activity,15179261015
"Jul 21, 2025, 12:49:36 PM",Kudos,Activity,15184941487
"Jul 21, 2025, 7:05:36 PM",Kudos,Activity,15189472160
"Jul 21, 2025, 7:06:01 PM",Kudos,Activity,15189546851
"Jul 21, 2025, 7:06:16 PM",Kudos,Activity,15189291737
"Jul 22, 2025, 6:09:23 AM",Kudos,Activity,15188726557
"Jul 22, 2025, 9:33:48 AM",Kudos,Activity,15195421324
"Jul 22, 2025, 4:53:07 PM",Kudos,Activity,15199855014
"Jul 22, 2025, 6:42:10 PM",Kudos,Activity,15200549137
"Jul 23, 2025, 2:14:35 PM",Kudos,Activity,15206364826
"Jul 23, 2025, 2:14:40 PM",Kudos,Activity,15207461107
"Jul 23, 2025, 2:14:45 PM",Kudos,Activity,15208286132
"Jul 23, 2025, 7:20:53 PM",Kudos,Activity,15213353992
"Jul 23, 2025, 7:21:04 PM",Kudos,Activity,15212883164
"Jul 24, 2025, 8:44:02 AM",Kudos,Activity,15218111158
"Jul 24, 2025, 8:44:05 AM",Kudos,Activity,15217474192
"Jul 24, 2025, 8:44:20 AM",Kudos,Activity,15218142004
"Jul 24, 2025, 6:40:12 PM",Kudos,Activity,15218652351
"Jul 24, 2025, 8:36:31 PM",Kudos,Activity,15224682275
"Jul 24, 2025, 8:36:37 PM",Kudos,Activity,15224123270
"Jul 26, 2025, 9:51:07 PM",Kudos,Activity,15244591351
"Jul 27, 2025, 6:03:19 PM",Kudos,Activity,15256166385
"Jul 28, 2025, 6:57:05 AM",Kudos,Activity,15254884191
"Jul 28, 2025, 3:15:42 PM",Kudos,Activity,15264089442
"Jul 28, 2025, 6:22:26 PM",Kudos,Activity,15266307613
"Jul 28, 2025, 8:14:03 PM",Kudos,Activity,15266344892
"Jul 29, 2025, 8:32:56 AM",Kudos,Activity,15270856014
"Jul 29, 2025, 1:38:36 PM",Kudos,Activity,15270787804
"Jul 29, 2025, 8:06:33 PM",Kudos,Activity,15277290753
"Jul 29, 2025, 8:06:33 PM",Kudos,Activity,15277357526
"Jul 29, 2025, 8:06:37 PM",Kudos,Activity,15278144317
"Jul 30, 2025, 5:59:06 AM",Kudos,Activity,15282564542
"Jul 30, 2025, 5:59:38 AM",Kudos,Activity,15282262556
"Jul 30, 2025, 5:59:42 AM",Kudos,Activity,15278956815
"Jul 30, 2025, 5:59:44 AM",Kudos,Activity,15279136782
"Jul 30, 2025, 5:59:45 AM",Kudos,Activity,15278476141
"Jul 30, 2025, 5:59:50 AM",Kudos,Activity,15277412781
"Jul 30, 2025, 5:59:52 AM",Kudos,Activity,15279054395
"Aug 1, 2025, 5:07:55 AM",Kudos,Activity,15300312662
"Aug 2, 2025, 5:35:38 AM",Kudos,Activity,15311309773
"Aug 3, 2025, 3:14:10 PM",Kudos,Activity,15330032928
"Aug 3, 2025, 6:18:47 PM",Kudos,Activity,15316507782
"Aug 3, 2025, 6:18:52 PM",Kudos,Activity,15315068760
"Aug 3, 2025, 6:19:06 PM",Kudos,Activity,15305167877
"Aug 3, 2025, 6:19:12 PM",Kudos,Activity,15315562952
"Aug 3, 2025, 6:19:29 PM",Kudos,Activity,15331490686
"Aug 4, 2025, 8:34:00 AM",Kudos,Activity,15337846950
"Aug 4, 2025, 9:00:30 AM",Kudos,Activity,15338403488
"Aug 4, 2025, 2:17:37 PM",Kudos,Activity,15339609215
"Aug 4, 2025, 6:06:34 PM",Kudos,Activity,15343484512
"Aug 4, 2025, 6:50:58 PM",Kudos,Activity,15343945511
"Aug 4, 2025, 6:51:00 PM",Kudos,Activity,15343343849
"Aug 4, 2025, 6:51:03 PM",Kudos,Activity,15343457484
"Aug 5, 2025, 8:14:31 AM",Kudos,Activity,15327189818
"Aug 5, 2025, 6:21:33 PM",Kudos,Activity,15355505401
"Aug 5, 2025, 6:21:40 PM",Kudos,Activity,15352256850
"Aug 5, 2025, 6:21:45 PM",Kudos,Activity,15349671379
"Aug 5, 2025, 6:59:04 PM",Kudos,Activity,15356198401
"Aug 6, 2025, 5:03:57 AM",Kudos,Activity,15356951675
"Aug 6, 2025, 5:19:45 PM",Kudos,Activity,15362237572
"Aug 7, 2025, 5:01:03 PM",Kudos,Activity,15378169428
"Aug 7, 2025, 5:01:05 PM",Kudos,Activity,15373856395
"Aug 7, 2025, 5:01:09 PM",Kudos,Activity,15368412543
"Aug 7, 2025, 5:01:11 PM",Kudos,Activity,15369089226
"Aug 7, 2025, 5:01:14 PM",Kudos,Activity,15368324607
"Aug 7, 2025, 6:57:20 PM",Kudos,Activity,15379224885
"Aug 7, 2025, 6:57:24 PM",Kudos,Activity,15379394640
"Aug 8, 2025, 8:47:18 AM",Kudos,Activity,15380310437
"Aug 8, 2025, 6:03:55 PM",Kudos,Activity,15390302032
"Aug 8, 2025, 6:03:56 PM",Kudos,Activity,15390540785
"Aug 8, 2025, 7:06:11 PM",Kudos,Activity,15391005427
"Aug 9, 2025, 2:05:43 AM",Kudos,Activity,15391918194
"Aug 9, 2025, 8:47:47 AM",Kudos,Activity,15394778202
"Aug 9, 2025, 8:47:51 AM",Kudos,Activity,15394796627
"Aug 9, 2025, 8:48:36 AM",Kudos,Activity,15394916566
"Aug 9, 2025, 11:00:06 AM",Kudos,Activity,15390176912
"Aug 9, 2025, 11:32:10 AM",Kudos,Activity,15397473234
"Aug 10, 2025, 7:08:24 PM",Kudos,Activity,15413964491
"Aug 10, 2025, 7:08:27 PM",Kudos,Activity,15414306466
"Aug 11, 2025, 7:05:07 AM",Kudos,Activity,15417155955
"Aug 11, 2025, 5:30:39 PM",Kudos,Activity,15423355364
"Aug 13, 2025, 7:16:56 AM",Kudos,Activity,15437210165
"Aug 13, 2025, 7:16:57 AM",Kudos,Activity,15435440472
"Aug 13, 2025, 7:16:59 AM",Kudos,Activity,15440830256
"Aug 13, 2025, 3:53:33 PM",Kudos,Activity,15446038944
"Aug 13, 2025, 6:56:13 PM",Kudos,Activity,15446929962
"Aug 13, 2025, 6:56:16 PM",Kudos,Activity,15446480054
"Aug 14, 2025, 12:50:56 PM",Kudos,Activity,15452960567
"Aug 14, 2025, 6:08:25 PM",Kudos,Activity,15459016230
"Aug 14, 2025, 6:09:44 PM",Kudos,Activity,15458936573
"Aug 14, 2025, 6:09:46 PM",Kudos,Activity,15458747307
"Aug 14, 2025, 6:09:53 PM",Kudos,Activity,15458333841
"Aug 14, 2025, 6:09:55 PM",Kudos,Activity,15458146614
"Aug 15, 2025, 10:50:07 AM",Kudos,Activity,15464664374
"Aug 15, 2025, 10:50:54 AM",Kudos,Activity,15464684651
"Aug 15, 2025, 10:50:58 AM",Kudos,Activity,15464090876
"Aug 15, 2025, 4:48:59 PM",Kudos,Activity,15468197991
"Aug 15, 2025, 7:12:28 PM",Kudos,Activity,15470400900
"Aug 16, 2025, 8:45:51 AM",Kudos,Activity,15474139264
"Aug 16, 2025, 10:33:46 AM",Kudos,Activity,15476284692
"Aug 16, 2025, 10:33:53 AM",Kudos,Activity,15474904986
"Aug 16, 2025, 10:34:50 AM",Kudos,Activity,15473876238
"Aug 16, 2025, 10:35:16 AM",Kudos,Activity,15474904687
"Aug 16, 2025, 10:35:21 AM",Kudos,Activity,15474493426
"Aug 17, 2025, 9:58:29 AM",Kudos,Activity,15485079508
"Aug 18, 2025, 5:46:45 PM",Kudos,Activity,15502150809
"Aug 18, 2025, 5:46:47 PM",Kudos,Activity,15502714972
"Aug 18, 2025, 7:17:34 PM",Kudos,Activity,15504331527
"Aug 18, 2025, 7:17:41 PM",Kudos,Activity,15504307130
"Aug 19, 2025, 9:08:01 PM",Kudos,Activity,15515582553
"Aug 19, 2025, 9:08:04 PM",Kudos,Activity,15515275445
"Aug 19, 2025, 9:08:09 PM",Kudos,Activity,15513948744
"Aug 19, 2025, 9:08:12 PM",Kudos,Activity,15515195213
"Aug 19, 2025, 9:08:22 PM",Kudos,Activity,15509790241
"Aug 20, 2025, 8:45:04 AM",Kudos,Activity,15521000207
"Aug 20, 2025, 4:40:11 PM",Kudos,Activity,15521121111
"Aug 21, 2025, 6:53:52 AM",Kudos,Activity,15526788993
"Aug 21, 2025, 7:03:26 AM",Kudos,Activity,15532534438
"Aug 21, 2025, 7:03:28 AM",Kudos,Activity,15532495933
"Aug 21, 2025, 12:57:43 PM",Kudos,Activity,15534031274
"Aug 22, 2025, 9:27:53 AM",Kudos,Activity,15544057384
"Aug 22, 2025, 9:28:14 AM",Kudos,Activity,15538964012
"Aug 22, 2025, 9:28:25 AM",Kudos,Activity,15539591477
"Aug 22, 2025, 9:28:28 AM",Kudos,Activity,15538554448
"Aug 22, 2025, 9:28:44 AM",Kudos,Activity,15536409453
"Aug 22, 2025, 2:16:50 PM",Kudos,Activity,15547133660
"Aug 22, 2025, 11:50:46 PM",Kudos,Activity,15549408573
"Aug 23, 2025, 9:57:59 AM",Kudos,Activity,15555088235
"Aug 25, 2025, 7:57:50 PM",Kudos,Activity,15584627242
"Aug 25, 2025, 10:44:34 PM",Kudos,Activity,15583981656
"Aug 25, 2025, 10:44:39 PM",Kudos,Activity,15583915775
"Aug 26, 2025, 8:35:20 PM",Kudos,Activity,15594597070
"Aug 28, 2025, 11:27:03 PM",Kudos,Activity,15617167486
"Sep 3, 2025, 12:28:04 PM",Kudos,Activity,15679199135
"Sep 3, 2025, 3:57:45 PM",Kudos,Activity,15667962119
"Sep 3, 2025, 3:57:47 PM",Kudos,Activity,15666603951
"Sep 3, 2025, 3:57:53 PM",Kudos,Activity,15679002128
"Sep 3, 2025, 3:58:05 PM",Kudos,Activity,15674239357
"Sep 7, 2025, 1:47:51 PM",Kudos,Activity,15725683351
"Sep 7, 2025, 1:48:08 PM",Kudos,Activity,15725199298
"Sep 7, 2025, 1:51:34 PM",Kudos,Activity,15725238649
"Sep 7, 2025, 1:51:45 PM",Kudos,Activity,15727305909
"Sep 7, 2025, 1:51:56 PM",Kudos,Activity,15725560399
"Sep 7, 2025, 1:52:03 PM",Kudos,Activity,15726437248
"Sep 7, 2025, 1:52:12 PM",Kudos,Activity,15726922065
"Sep 15, 2025, 5:27:02 PM",Kudos,Activity,15816749946
"Sep 15, 2025, 5:27:10 PM",Kudos,Activity,15812106022
"Sep 15, 2025, 5:27:15 PM",Kudos,Activity,15812720718
"Sep 15, 2025, 5:27:20 PM",Kudos,Activity,15800533693
"Sep 15, 2025, 5:27:23 PM",Kudos,Activity,15815592626
"Sep 15, 2025, 5:27:26 PM",Kudos,Activity,15820532594
"Sep 16, 2025, 2:49:29 PM",Kudos,Activity,15827082528
"Sep 16, 2025, 2:49:35 PM",Kudos,Activity,15827107941
"Sep 16, 2025, 2:49:37 PM",Kudos,Activity,15827033114
"Sep 16, 2025, 2:49:47 PM",Kudos,Activity,15821950257
"Sep 19, 2025, 1:20:55 AM",Kudos,Activity,15856463012
"Sep 19, 2025, 8:00:15 AM",Kudos,Activity,15861122083
"Sep 19, 2025, 12:00:03 PM",Kudos,Activity,15862983518
"Sep 20, 2025, 3:02:18 PM",Kudos,Activity,15873221917
"Sep 20, 2025, 8:39:22 PM",Kudos,Activity,15878071450
"Sep 20, 2025, 8:39:46 PM",Kudos,Activity,15846505505
"Sep 21, 2025, 9:05:01 AM",Kudos,Activity,15883890766
"Sep 21, 2025, 9:05:05 AM",Kudos,Activity,15884103185
"Sep 21, 2025, 9:05:24 AM",Kudos,Activity,15884359151
"Sep 21, 2025, 5:41:18 PM",Kudos,Activity,15890714946
"Jun 19, 2024, 2:13:19 PM",Like,Comment,1834115327
"Jul 26, 2024, 9:22:55 AM",Like,Comment,1865263735
"Aug 15, 2024, 9:15:59 PM",Like,Comment,1883210310
"Sep 23, 2024, 7:20:01 PM",Like,Comment,1919786542
"Oct 5, 2024, 4:19:59 PM",Like,Comment,1929998552
"Oct 13, 2024, 12:19:56 PM",Like,Comment,1937622881
"Oct 13, 2024, 6:16:29 PM",Like,Comment,1938451679
"Oct 15, 2024, 9:03:59 PM",Like,Comment,1940415797
"Dec 14, 2024, 3:24:47 PM",Like,Comment,1991830590
"Feb 9, 2025, 9:45:49 PM",Like,Comment,2039215336
"Mar 20, 2025, 5:51:31 AM",Like,Comment,2075432125
